日付,AmFlex,BS/ MTG Ambassador,CLUE,COCO,CRC,Communication,Customer Success,DS,Dive Deep,Engagement,FBProgram,FeedbackProgram,File整理TRAIL,Foot Print,Forecast,MC,NewsFeed,Panorama,People/その他,RP,RP Expansion,RP SharePoint,RoutineBoard,SKILL-UP,SSOT,TWIG,Tips,Training,Voice,Wiki/START,その他,トラブル報告(SDS/GSOC),メトリクス,勤怠,就業実績,未配TT,架電Coaching,災害
2024-02-12,0.0,0.0,0.0,0.0,0.0,0.0,0.0,2.0,0.0,0.0,0.0,0.0,0.0,0.0,0.0,0.0,0.0,0.0,0.0,0.0,0.0,0.0,0.0,1.5,0.0,0.0,0.0,0.0,0.0,0.0,2.0,0.0,0.0,1.0,0.5,0.0,2.0,0.0
2024-02-13,0.0,0.0,0.0,0.0,0.0,0.0,0.0,7.5,0.0,0.0,0.0,0.0,0.0,0.0,0.0,0.0,0.0,0.0,0.0,0.0,0.0,0.0,0.0,0.0,0.0,0.0,0.0,0.0,0.0,0.0,0.5,0.0,0.0,1.0,0.0,0.0,0.0,0.0
2024-02-14,0.0,0.0,0.0,0.0,0.0,0.0,0.0,100.0,0.0,1.0,0.0,0.0,0.5,0.0,0.0,0.0,0.5,0.0,0.0,0.0,0.5,5.5,1.0,0.0,0.0,0.0,0.0,0.0,0.0,1.5,17.5,0.0,5.5,19.0,1.0,8.0,3.0,7.0
2024-02-15,0.0,0.0,0.0,0.0,0.0,12.0,0.0,114.5,0.0,0.0,0.0,0.0,1.0,0.0,0.0,0.0,0.5,0.0,0.0,0.0,1.0,0.5,0.0,0.0,0.0,0.0,0.0,0.0,0.0,1.0,11.5,2.0,5.0,28.5,1.0,6.0,2.0,16.0
2024-02-16,1.0,1.0,0.0,0.0,0.0,5.5,0.0,132.5,0.0,0.5,0.0,0.0,0.0,0.0,0.0,0.0,1.5,0.0,0.0,0.0,1.5,0.0,0.0,0.0,0.0,0.0,0.0,0.0,0.0,0.0,8.0,5.0,7.0,27.5,3.0,8.0,0.0,17.5
2024-02-17,0.0,0.5,0.0,0.0,0.0,0.5,0.0,147.25,0.0,0.0,0.0,0.0,0.0,0.0,0.0,0.0,1.0,0.0,0.0,0.0,3.5,0.5,5.0,0.0,0.0,0.0,0.0,0.0,0.0,0.0,26.0,1.0,4.5,28.0,6.5,5.5,0.0,14.5
2024-02-18,0.0,0.0,0.0,0.0,0.0,0.0,0.0,128.5,0.0,0.0,0.0,0.0,2.0,0.0,0.0,4.0,3.0,0.0,0.0,0.0,10.0,2.0,0.0,0.0,0.0,0.0,0.0,0.0,0.0,1.5,31.0,1.5,7.0,26.5,1.0,6.0,3.0,8.5
2024-02-19,0.0,1.0,0.0,0.0,0.0,1.5,0.0,118.0,0.0,0.0,0.0,0.0,0.5,0.0,0.0,4.0,0.5,0.0,0.0,0.0,5.0,1.0,1.0,1.0,0.0,0.0,0.0,0.0,0.0,0.0,26.5,2.5,3.0,25.0,0.5,6.5,1.5,16.0
2024-02-20,0.0,0.0,0.0,0.0,0.0,2.5,0.0,119.5,0.0,0.5,0.0,0.0,5.0,0.0,0.0,1.5,1.0,0.0,0.0,0.0,9.0,3.0,3.5,0.5,0.0,0.0,0.0,0.0,0.0,0.0,39.5,2.0,3.0,28.0,1.0,5.5,6.5,14.0
2024-02-21,1.0,0.0,0.0,0.0,0.0,4.0,0.0,115.0,0.0,2.5,0.0,0.0,1.5,0.0,0.0,0.5,5.5,0.0,0.0,0.0,3.0,1.5,1.0,3.0,0.0,0.0,0.0,0.0,0.0,0.0,37.0,3.0,6.5,26.0,1.5,7.5,2.5,11.5
2024-02-22,0.0,0.0,0.0,0.0,0.0,0.0,0.0,121.0,0.0,0.0,0.0,0.0,0.0,0.0,0.0,2.0,4.0,0.0,0.0,0.0,3.5,0.5,0.0,0.0,0.0,0.0,0.0,0.0,0.0,0.0,27.5,1.0,10.0,24.0,0.5,7.0,2.5,6.0
2024-02-23,0.0,0.5,0.0,0.0,0.0,1.5,0.0,129.5,0.0,1.0,0.0,0.0,0.0,0.0,0.0,0.0,3.5,0.0,0.0,0.0,1.0,0.0,0.0,3.5,0.0,0.0,0.0,0.0,0.0,0.0,30.0,3.5,5.5,25.0,1.5,7.5,0.0,12.5
2024-02-24,0.0,1.0,0.0,0.0,0.0,0.0,0.0,133.0,0.0,1.0,0.0,0.0,1.0,0.0,0.0,0.5,1.0,0.0,0.0,0.0,2.0,0.0,3.5,2.0,0.0,0.0,0.0,0.0,0.0,0.5,36.0,3.5,3.5,27.5,0.5,7.5,2.0,17.0
2024-02-25,0.0,2.0,0.0,0.0,0.0,0.0,0.0,119.5,0.0,0.0,0.0,0.0,0.5,0.0,0.0,3.0,1.0,0.0,0.0,0.0,1.5,0.0,2.5,6.0,0.0,0.0,0.0,0.0,0.0,1.5,45.0,4.5,7.0,28.5,3.0,7.75,2.0,17.0
2024-02-26,0.0,0.0,0.0,0.0,0.0,2.5,0.0,131.5,0.0,2.0,0.0,0.0,1.5,0.0,0.0,10.0,3.0,0.0,0.0,0.0,4.0,0.0,0.5,0.0,0.0,0.0,0.0,0.0,0.0,0.5,33.166666666666664,5.0,3.0,28.5,2.0,9.5,0.0,15.0
2024-02-27,1.5,1.5,0.0,0.0,0.0,4.5,0.0,126.0,0.0,1.5,0.0,0.0,3.5,0.0,0.0,11.5,3.0,0.0,0.0,0.0,3.5,0.0,1.0,0.0,0.0,0.0,0.0,0.0,0.0,0.0,29.0,4.0,3.5,28.0,0.5,8.5,0.0,12.0
2024-02-28,0.0,0.0,0.0,0.0,0.0,0.5,0.0,118.5,0.0,0.0,0.0,0.0,1.5,0.0,0.0,8.0,0.5,0.0,0.0,0.0,6.0,0.0,0.5,1.0,0.0,0.0,0.0,0.0,0.0,1.5,29.5,7.0,7.0,28.0,0.5,8.5,7.0,18.0
2024-02-29,0.0,0.0,0.0,0.0,0.0,5.5,0.0,120.0,0.0,1.0,0.0,0.0,1.0,0.0,0.0,2.5,1.0,0.0,0.0,0.0,2.5,0.5,2.5,1.0,0.0,0.0,0.0,0.0,0.0,0.0,29.0,4.0,3.0,24.5,0.5,5.5,0.5,13.0
2024-03-01,0.0,0.0,0.0,0.0,0.0,3.0,0.0,131.0,0.0,0.5,0.0,0.0,2.5,0.0,0.0,0.0,0.5,0.0,0.0,0.0,4.0,0.5,7.5,0.0,0.0,0.0,0.0,0.0,0.0,0.0,38.0,5.0,4.5,27.0,0.5,8.0,0.0,10.5
2024-03-02,0.5,4.0,0.0,0.0,0.0,6.5,0.0,125.5,0.0,0.5,0.0,0.0,0.0,0.0,0.0,3.0,0.0,0.0,0.0,0.0,0.5,2.0,6.5,0.0,0.0,0.0,0.0,0.0,0.0,1.0,28.5,4.0,4.0,27.0,5.0,9.0,1.0,15.0
2024-03-03,0.0,1.5,0.0,0.0,0.0,6.5,0.0,123.5,0.0,0.0,0.0,0.0,0.0,0.0,0.0,6.5,0.0,0.0,0.0,0.0,0.0,2.0,1.0,0.5,0.0,0.0,0.0,0.0,0.0,1.0,31.0,4.0,8.75,26.5,2.0,7.5,2.0,12.0
2024-03-04,0.0,0.0,0.0,0.0,0.0,11.0,0.0,116.5,0.0,0.0,0.0,0.0,3.5,0.0,0.0,5.0,0.5,0.0,0.0,0.0,5.5,1.0,0.0,0.0,0.0,0.0,0.0,0.0,0.0,0.0,29.0,5.5,3.0,27.0,1.0,7.0,1.0,18.5
2024-03-05,0.0,0.0,0.0,0.0,0.0,12.0,0.0,116.5,0.0,3.0,0.0,0.0,0.0,0.0,0.0,3.0,2.0,0.0,0.0,0.0,3.5,3.5,6.5,1.0,0.0,0.0,0.0,0.0,0.0,1.0,31.0,9.5,4.0,27.5,4.0,4.5,1.0,10.5
2024-03-06,0.5,1.0,0.0,0.0,0.0,14.0,0.0,122.0,0.0,0.0,0.0,0.0,0.0,0.0,0.0,1.0,3.5,0.0,0.0,0.0,1.0,1.5,2.0,1.5,0.0,0.0,0.0,0.0,0.0,0.0,16.0,4.0,8.0,27.5,0.5,11.5,8.0,19.5
2024-03-07,0.0,0.0,0.0,0.0,0.0,15.0,0.0,129.5,0.0,1.5,0.0,0.0,2.5,0.0,0.0,2.5,2.5,0.0,0.0,0.0,1.0,2.5,0.0,0.0,0.0,0.0,0.0,0.0,0.0,0.0,11.0,4.0,6.5,28.0,3.5,10.0,0.5,22.5
2024-03-08,0.0,0.0,0.0,0.0,0.0,12.0,0.0,132.5,0.0,1.0,0.0,0.0,0.0,0.0,0.0,1.0,4.5,0.0,0.0,0.0,0.5,0.0,0.0,2.0,0.0,0.0,0.0,0.0,0.0,0.0,10.5,5.0,4.5,25.5,1.5,8.5,0.0,16.0
2024-03-09,0.0,0.0,0.0,0.0,0.0,12.5,0.0,122.5,0.0,0.0,0.0,0.0,1.5,0.0,0.0,4.5,0.5,0.0,0.0,0.0,0.5,1.0,2.5,2.0,0.0,0.0,0.0,0.0,0.0,1.0,12.5,4.0,7.5,25.5,3.0,8.5,6.0,11.5
2024-03-10,0.0,0.0,0.0,0.0,0.0,11.5,0.0,132.5,0.0,0.0,0.0,0.0,1.0,0.0,0.0,0.0,1.5,0.0,0.0,0.0,2.0,0.0,2.0,0.0,0.0,0.0,0.0,0.0,0.0,1.5,6.5,5.5,6.5,25.0,1.0,11.5,2.0,16.5
2024-03-11,0.0,0.0,0.0,0.0,0.0,12.5,0.0,117.0,0.0,0.0,0.0,0.0,0.5,0.0,0.0,1.0,1.5,0.0,0.0,0.0,3.5,0.0,2.5,1.5,0.0,0.0,0.0,0.0,0.0,0.0,11.5,4.5,4.5,25.0,2.0,10.0,7.0,20.5
2024-03-12,1.0,1.5,0.0,0.0,0.0,14.0,0.0,116.0,0.0,0.0,0.0,0.0,2.5,0.0,0.0,3.0,1.0,0.0,0.0,0.0,2.0,1.0,4.0,0.5,0.0,0.0,0.0,0.0,0.0,1.0,7.0,4.0,4.0,25.0,3.5,10.5,5.5,19.0
2024-03-13,0.0,1.0,0.0,0.0,0.0,12.0,0.0,114.5,0.5,0.0,0.0,0.0,2.5,0.0,0.0,0.5,0.0,0.0,0.0,0.0,3.5,4.0,1.0,0.0,0.0,0.0,0.0,0.0,0.0,1.0,27.5,5.0,8.5,26.5,0.5,7.5,1.0,17.0
2024-03-14,0.0,0.0,0.0,0.0,0.0,16.5,0.0,123.0,0.0,0.0,0.0,0.0,1.0,0.0,0.0,2.5,1.5,0.0,0.0,0.0,0.5,0.0,0.0,0.0,0.0,0.0,0.0,0.0,0.0,0.0,30.0,4.0,5.75,28.0,2.5,10.0,3.0,15.0
2024-03-15,0.0,0.0,0.0,0.0,0.0,11.5,0.0,127.5,0.0,0.0,0.0,0.0,3.0,0.0,0.0,0.0,0.5,0.0,0.0,0.0,0.0,0.0,1.5,0.0,0.0,0.0,0.0,0.0,0.0,0.0,19.0,4.0,5.0,25.5,2.5,7.0,1.0,17.5
2024-03-16,0.0,2.5,0.0,0.0,0.0,11.5,0.0,119.0,0.5,0.0,0.0,0.0,0.5,0.0,0.0,0.0,0.5,0.0,0.0,0.0,0.0,1.0,6.0,0.0,0.0,0.0,0.0,0.0,0.0,0.0,11.0,4.0,9.0,24.5,2.0,8.5,1.5,14.0
2024-03-17,0.0,0.0,0.0,0.0,0.0,12.5,0.0,132.0,0.0,0.0,0.0,0.0,0.5,0.0,0.0,0.0,0.0,0.0,0.0,0.0,0.5,1.0,3.0,0.0,0.0,0.0,0.0,0.0,0.0,1.5,12.5,4.5,4.5,26.0,1.5,10.5,4.5,19.0
2024-03-18,0.0,0.5,0.0,0.0,0.0,17.5,0.0,122.5,0.0,0.0,0.0,0.0,0.5,0.0,0.0,9.5,0.0,0.0,0.0,0.0,0.0,0.0,0.0,0.5,0.0,0.0,0.0,0.0,0.0,1.5,4.0,2.5,5.5,25.5,3.5,8.5,5.5,27.0
2024-03-19,0.0,1.0,0.0,0.0,0.0,12.5,0.0,123.5,0.0,0.0,0.0,0.0,3.5,0.0,0.0,9.0,0.5,0.0,0.0,0.0,1.5,1.0,0.0,0.0,0.0,0.0,0.0,0.0,0.0,0.0,7.0,0.5,4.0,26.0,1.5,8.0,3.0,24.0
2024-03-20,0.0,0.0,0.0,0.0,0.0,10.0,0.0,125.0,0.0,0.5,0.0,0.0,6.5,0.0,0.0,7.0,0.0,0.0,0.0,0.0,1.5,0.5,1.5,0.0,0.0,0.0,0.0,0.0,0.0,1.0,16.0,2.0,5.25,32.0,2.5,8.5,1.0,22.5
2024-03-21,0.0,0.0,0.0,0.0,0.0,12.5,0.0,140.0,0.0,0.0,0.0,0.0,5.0,0.0,0.0,11.5,0.5,0.0,0.0,0.0,0.0,0.0,3.0,0.0,0.0,0.0,0.0,0.0,0.0,0.0,20.5,1.5,4.0,28.5,1.5,3.5,1.0,21.5
2024-03-22,0.0,4.0,0.0,0.0,0.0,13.5,0.0,122.0,0.0,2.0,0.0,0.0,10.5,0.0,0.0,1.5,0.0,0.0,0.0,0.0,2.0,5.0,2.5,0.0,0.0,0.0,0.0,0.0,0.0,0.0,10.0,4.0,5.0,28.0,0.5,7.0,1.5,22.5
2024-03-23,0.0,1.0,0.0,0.0,0.0,13.0,0.0,118.5,1.0,1.0,0.0,0.0,6.0,0.0,0.0,4.5,0.5,0.0,0.0,0.0,0.0,1.0,1.5,0.0,0.0,0.0,0.0,0.0,0.0,0.5,3.5,3.0,5.0,24.5,4.0,5.0,1.0,23.5
2024-03-24,0.0,0.0,0.0,0.0,0.0,12.5,0.0,121.5,0.0,0.0,0.0,0.0,4.5,0.0,0.0,7.5,0.5,0.0,0.0,0.0,0.5,0.5,9.0,1.5,0.0,0.0,0.0,0.0,0.0,0.5,7.0,0.5,3.5,23.0,0.0,6.0,0.0,18.0
2024-03-25,0.0,0.0,0.0,0.0,0.0,13.0,0.0,139.0,0.0,0.0,0.0,0.0,4.0,0.0,0.0,5.0,0.5,0.0,0.0,0.0,1.0,0.0,4.5,0.0,0.0,0.0,0.0,0.0,0.0,1.5,4.5,1.0,5.0,25.0,0.0,6.0,2.5,13.5
2024-03-26,0.0,0.0,0.0,0.0,0.0,14.0,0.0,128.0,0.5,2.5,0.0,0.0,3.0,0.0,0.0,5.0,1.5,0.0,0.0,0.0,1.5,0.0,4.0,0.0,0.0,0.0,0.0,0.0,0.0,2.0,5.5,2.5,6.0,25.0,0.0,7.0,2.0,14.0
2024-03-27,0.0,1.0,0.0,0.0,0.0,13.5,0.0,144.0,0.0,1.0,0.0,0.0,1.0,0.0,0.0,0.0,1.0,0.0,0.0,0.0,1.5,3.0,1.0,5.5,0.0,0.0,0.0,0.0,0.0,0.0,7.5,4.0,7.0,27.0,2.5,5.5,0.5,19.0
2024-03-28,0.0,1.0,0.0,0.0,0.0,16.5,0.0,140.5,0.0,0.0,0.0,0.0,6.5,0.0,0.0,2.0,1.0,0.0,0.0,0.0,0.5,1.0,0.0,0.0,0.0,0.0,0.0,0.0,0.0,2.5,4.5,4.5,3.5,26.0,0.5,5.5,2.0,17.5
2024-03-29,0.0,0.0,0.0,0.0,0.0,16.5,0.0,125.0,2.5,0.0,0.0,0.0,0.5,0.0,0.0,3.5,1.0,0.0,0.0,0.0,0.0,0.0,2.5,0.0,0.0,0.0,0.0,0.0,0.0,0.5,13.0,4.0,6.0,30.5,1.0,6.5,2.5,20.0
2024-03-30,0.0,1.5,0.0,0.0,0.0,13.0,0.0,122.5,0.0,1.0,0.0,0.0,1.0,0.0,0.0,4.0,0.5,0.0,0.0,0.0,3.0,2.5,8.0,1.5,0.0,0.0,0.0,0.0,0.0,0.0,9.0,5.0,4.0,29.0,1.0,9.5,0.0,10.5
2024-03-31,0.0,0.0,0.0,0.0,0.0,12.0,0.0,116.5,0.0,2.0,0.0,0.0,1.0,0.0,0.0,3.0,1.0,0.0,0.0,0.0,0.0,2.0,3.5,4.5,0.0,0.0,0.0,0.0,0.0,1.0,8.5,2.5,4.5,31.5,0.0,4.5,0.0,19.0
2024-04-01,0.0,0.0,0.0,0.0,0.0,10.5,0.0,106.0,0.5,0.5,0.0,0.0,0.5,0.0,0.0,1.5,0.5,0.0,0.0,0.0,0.0,0.0,6.0,1.5,0.0,0.0,0.0,0.0,0.0,0.0,35.0,3.0,10.0,24.0,0.0,6.5,2.5,16.5
2024-04-02,0.0,0.5,0.0,0.0,0.0,17.0,0.0,123.5,0.0,2.0,0.0,0.0,4.0,0.0,0.0,0.0,1.5,0.0,0.0,0.0,0.0,3.0,4.0,2.0,0.0,0.0,0.0,0.0,0.0,0.0,4.5,1.0,4.0,23.5,0.5,5.5,0.5,11.0
2024-04-03,0.0,0.0,0.0,0.0,0.0,15.0,0.0,128.0,1.0,0.0,0.0,0.0,0.0,0.0,0.0,1.0,0.5,0.0,0.0,0.0,0.0,0.0,1.0,0.5,0.0,0.0,0.0,0.0,0.0,0.5,11.5,2.0,3.0,26.0,0.5,7.0,0.0,28.0
2024-04-04,0.0,0.0,0.0,0.0,0.0,14.5,0.0,130.0,0.0,0.5,0.0,0.0,1.5,0.0,0.0,3.0,5.0,0.0,0.0,0.0,3.0,1.0,0.5,1.5,0.0,0.0,0.0,0.0,0.0,0.0,16.5,2.5,6.0,28.0,1.5,6.5,0.5,21.5
2024-04-05,0.0,1.5,0.0,0.0,0.0,11.5,0.0,121.0,0.0,1.0,0.0,0.0,1.0,0.0,0.0,3.5,1.0,0.0,0.0,0.0,0.0,0.0,5.0,3.5,0.0,0.0,0.0,0.0,0.0,0.0,27.0,2.5,3.5,27.0,2.5,8.5,1.5,21.5
2024-04-06,0.0,2.0,0.0,0.0,0.0,12.5,0.0,124.5,0.0,0.5,0.0,0.0,4.5,0.0,0.0,2.5,0.5,0.0,0.0,0.0,3.5,0.5,0.5,3.5,0.0,0.0,0.0,0.0,0.0,0.0,8.5,3.0,5.0,25.5,0.0,8.5,1.0,19.0
2024-04-07,0.0,0.0,0.0,0.0,0.0,14.0,0.0,130.0,0.0,0.0,0.0,0.0,5.0,0.0,0.0,2.5,0.0,0.0,0.0,0.0,0.0,4.5,4.0,2.0,0.0,0.0,0.0,0.0,0.0,0.5,9.5,3.0,5.5,27.0,1.5,11.5,1.0,15.0
2024-04-08,0.0,3.5,0.0,0.0,0.0,14.5,0.0,140.5,0.5,0.0,0.0,0.0,2.0,0.0,0.0,0.5,0.5,0.0,0.0,0.0,0.0,2.0,1.5,2.5,0.0,0.0,0.0,0.0,0.0,0.0,25.0,1.0,4.5,28.0,2.5,10.5,0.5,13.0
2024-04-09,0.0,1.0,0.0,0.0,0.0,15.5,0.0,124.5,0.0,2.0,0.0,0.0,4.5,0.0,0.0,0.5,0.5,0.0,0.0,0.0,1.5,0.0,1.5,0.0,0.0,0.0,0.0,0.0,0.0,4.0,26.0,2.0,4.0,28.0,2.5,9.0,3.5,23.0
2024-04-10,0.0,0.0,0.0,0.0,0.0,14.0,0.0,132.5,0.5,3.0,0.0,0.0,3.0,0.0,0.0,0.0,0.5,0.0,0.0,0.0,8.0,5.5,0.5,0.0,0.0,0.0,0.0,0.0,0.0,0.0,14.0,1.5,3.5,26.0,0.0,9.0,0.0,12.5
2024-04-11,0.0,0.0,0.0,0.0,0.0,13.5,0.0,123.0,0.0,1.5,0.0,0.0,0.5,0.0,0.0,7.5,0.5,0.0,0.0,0.0,2.0,3.0,3.5,1.0,0.0,0.0,0.0,0.0,0.0,0.0,26.0,4.5,3.5,27.0,0.5,10.0,1.5,18.5
2024-04-12,0.0,0.0,0.0,0.0,0.0,13.0,0.0,129.0,0.0,3.5,0.0,0.0,0.5,0.0,0.0,5.0,0.5,0.0,0.0,0.0,3.5,0.0,4.0,3.0,0.0,0.0,0.0,0.0,0.0,0.0,7.0,4.0,4.5,28.0,3.0,9.0,4.5,21.0
2024-04-13,0.0,0.0,0.0,0.0,0.0,15.0,0.0,135.83333333333334,0.0,0.5,0.0,0.0,0.5,0.0,0.0,1.5,0.5,0.0,0.0,0.0,5.5,7.5,3.5,5.0,0.0,0.0,0.0,0.0,0.0,0.0,5.0,3.0,6.0,26.5,1.0,5.5,1.5,10.0
2024-04-14,0.0,2.0,0.0,0.0,0.0,12.5,0.0,123.0,0.0,1.0,0.0,0.0,2.0,0.0,0.0,0.0,0.5,0.0,0.0,0.0,3.0,14.5,6.5,2.5,0.0,0.0,0.0,0.0,0.0,0.0,16.5,2.5,6.0,27.0,2.5,4.5,2.0,14.5
2024-04-15,0.0,0.0,0.0,0.0,0.0,12.0,0.0,135.5,0.0,0.0,0.0,0.0,1.5,0.0,0.0,0.0,0.0,0.0,0.0,0.0,0.5,7.0,0.5,0.0,0.0,0.0,0.0,0.0,0.0,0.0,29.5,1.0,4.0,28.0,1.0,5.0,6.0,20.5
2024-04-16,0.0,1.0,0.0,0.0,0.0,13.0,0.0,126.5,0.0,2.5,0.0,0.0,5.5,0.0,0.0,1.0,0.5,0.0,0.0,0.0,0.5,0.5,0.5,1.5,0.0,0.0,0.0,0.0,0.0,1.0,41.0,4.5,6.0,29.0,2.5,6.5,0.0,18.0
2024-04-17,0.0,0.0,0.0,0.0,0.0,16.5,0.0,122.0,0.0,1.5,0.0,0.0,1.0,0.0,0.0,2.0,0.0,0.0,0.0,0.0,0.5,0.0,6.0,0.0,0.0,0.0,0.0,0.0,0.0,0.5,36.5,4.0,6.0,31.5,0.5,5.5,4.5,16.0
2024-04-18,0.0,1.5,0.0,0.0,0.0,12.0,0.0,143.0,0.0,0.0,0.0,0.0,0.0,0.0,0.0,2.0,0.5,0.0,0.0,0.0,5.5,5.5,6.5,0.0,0.0,0.0,0.0,0.0,0.0,0.0,11.5,1.0,7.0,28.5,1.0,7.0,1.0,19.0
2024-04-19,0.5,0.0,0.0,0.0,0.0,17.0,0.0,130.0,0.0,0.0,0.0,0.0,7.5,0.0,0.0,6.5,0.0,0.0,0.0,0.0,2.0,4.5,5.0,0.0,0.0,0.0,0.0,0.0,0.0,0.0,14.5,2.0,5.0,28.0,3.5,9.0,1.5,18.5
2024-04-20,0.0,0.5,0.0,0.0,0.0,13.0,0.0,132.5,0.0,0.5,0.0,0.0,2.0,0.0,0.0,10.5,0.0,0.0,0.0,0.0,0.0,5.5,1.5,0.0,0.0,0.0,0.0,0.0,0.0,0.0,15.0,6.5,4.0,29.0,1.0,9.5,1.5,20.0
2024-04-21,0.0,1.0,0.0,0.0,0.0,11.5,0.0,147.5,0.0,0.0,0.0,0.0,0.0,0.0,0.0,4.0,0.0,0.0,0.0,0.0,0.0,5.5,0.0,2.0,0.0,0.0,0.0,0.0,0.0,0.0,4.5,4.0,7.0,27.0,1.0,10.0,4.0,11.0
2024-04-22,0.0,0.0,0.0,0.0,0.0,13.0,0.0,163.0,0.0,3.5,0.0,0.0,2.0,0.0,0.0,3.0,0.0,0.0,0.0,0.0,3.5,2.5,2.0,0.0,0.0,0.0,0.0,0.0,0.0,0.0,7.5,4.0,3.5,28.5,1.0,7.0,0.0,8.0
2024-04-23,0.0,0.0,0.0,0.0,0.0,12.0,0.0,176.5,0.0,2.0,0.0,0.0,1.0,0.0,0.0,7.0,0.5,0.0,0.0,0.0,1.5,2.0,0.5,0.0,0.0,0.0,0.0,0.0,0.0,0.0,12.5,4.5,2.0,29.5,0.5,6.5,0.0,3.5
2024-04-24,0.0,0.0,0.0,0.0,0.0,12.0,0.0,146.0,0.0,0.0,0.0,0.0,0.0,0.0,0.0,5.5,0.5,0.0,0.0,0.0,1.5,0.0,3.5,0.0,0.0,0.0,0.0,0.0,0.0,0.0,11.0,0.5,4.5,26.0,1.75,8.0,0.0,7.0
2024-04-25,0.0,0.5,0.0,0.0,0.0,12.5,0.0,148.5,1.0,1.0,0.0,0.0,0.0,0.0,0.0,7.0,0.5,0.0,0.0,0.0,12.0,0.5,2.5,2.0,0.0,0.0,0.0,0.0,0.0,0.0,11.5,1.0,4.0,28.5,1.5,6.5,1.0,10.5
2024-04-26,0.0,0.0,0.0,0.0,0.0,12.0,0.0,158.0,0.5,0.0,0.0,0.0,0.0,0.0,0.0,4.5,0.5,0.0,0.0,0.0,2.0,1.5,6.0,0.0,0.0,0.0,0.0,0.0,0.0,0.0,8.0,0.5,5.5,27.5,1.0,8.0,2.5,5.5
2024-04-27,0.0,0.5,0.0,0.0,0.0,13.5,0.0,144.5,0.5,0.0,0.0,0.0,0.0,0.0,0.0,3.5,0.0,0.0,0.0,0.0,0.5,2.5,7.0,0.5,0.0,0.0,0.0,0.0,0.0,0.0,9.0,1.0,6.5,27.0,1.0,5.0,9.0,12.5
2024-04-28,0.0,2.0,0.0,0.0,0.0,16.0,0.0,143.0,0.5,0.5,0.0,0.0,0.0,0.0,0.0,3.0,0.5,0.0,0.0,0.0,0.0,0.0,4.0,1.5,0.0,0.0,0.0,0.0,0.0,0.0,9.0,1.5,9.0,27.0,0.5,6.5,1.5,19.0
2024-04-29,0.0,2.0,0.0,0.0,0.0,14.0,0.0,134.0,0.0,2.0,0.0,0.0,0.0,0.0,0.0,1.5,0.5,0.0,0.0,0.0,1.0,0.5,0.5,0.0,0.0,0.0,0.0,0.0,0.0,1.0,22.5,0.5,13.5,29.5,1.0,9.0,0.0,29.0
2024-04-30,0.0,4.5,0.0,0.0,0.0,11.0,0.0,139.5,0.0,1.5,0.0,0.0,2.0,0.0,0.0,2.0,1.5,0.0,0.0,0.0,2.5,0.5,1.0,0.0,0.0,0.0,0.0,0.0,0.0,0.0,22.5,1.5,6.0,28.5,0.5,7.5,0.0,21.0
2024-05-01,0.0,3.5,0.0,0.0,0.0,11.0,0.0,145.0,0.0,2.0,0.0,0.0,2.5,0.0,0.0,3.5,0.0,0.0,0.0,0.0,1.0,0.5,1.0,1.0,0.0,0.0,0.0,0.0,0.0,0.0,29.0,2.0,6.5,27.5,0.0,6.5,0.0,10.0
2024-05-02,0.0,0.0,0.0,0.0,0.0,13.75,0.0,139.5,0.0,0.0,0.0,0.0,2.0,0.0,0.0,0.5,1.0,0.0,0.0,0.0,6.5,0.5,9.0,3.0,0.0,0.0,0.0,0.0,0.0,4.5,10.0,3.5,2.5,27.0,0.5,5.5,0.5,5.0
2024-05-03,0.0,0.0,0.0,0.0,0.0,14.5,0.0,127.5,3.5,0.0,0.0,0.0,4.0,0.0,0.0,2.0,0.5,0.0,0.0,0.0,0.5,0.5,4.5,9.0,0.0,0.0,0.0,0.0,0.0,0.0,7.5,2.0,3.0,27.0,0.5,9.5,1.5,25.5
2024-05-04,0.0,2.0,0.0,0.0,0.0,14.0,0.0,163.5,0.0,1.0,0.0,0.0,1.5,0.0,0.0,0.0,0.5,0.0,0.0,0.0,1.0,2.0,3.5,2.5,0.0,0.0,0.0,0.0,0.0,2.5,43.5,2.5,3.5,33.0,1.0,6.5,0.0,13.0
2024-05-05,0.0,0.5,0.0,0.0,0.0,16.0,0.0,159.25,0.5,0.0,0.0,0.0,0.0,0.0,0.0,1.5,0.5,0.0,0.0,0.0,0.5,2.0,0.0,0.0,0.0,0.0,0.0,0.0,0.0,0.0,39.0,5.5,5.5,32.5,1.0,5.5,1.0,18.0
2024-05-06,0.0,2.0,0.0,0.0,0.0,13.5,0.0,153.0,0.5,0.0,0.0,0.0,0.0,0.0,0.0,0.5,0.0,0.0,0.0,0.0,3.5,0.0,1.0,0.5,0.0,0.0,0.0,0.0,0.0,0.5,22.5,3.5,2.0,29.5,0.5,7.0,0.0,16.5
2024-05-07,0.0,2.0,0.0,0.0,0.0,12.5,0.0,139.5,0.0,2.0,0.0,0.0,1.5,0.0,0.0,1.5,0.0,0.0,0.0,0.0,1.0,2.0,4.0,0.0,0.0,0.0,0.0,0.0,0.0,3.0,38.5,5.5,1.5,30.0,0.0,10.0,0.0,15.5
2024-05-08,0.0,3.5,0.0,0.0,0.0,12.0,0.0,145.0,4.5,0.0,0.0,0.0,2.0,0.0,0.0,8.0,1.0,0.0,0.0,0.0,6.0,0.0,3.5,2.5,0.0,0.0,0.0,0.0,0.0,0.5,39.5,5.0,1.0,31.5,1.0,7.5,0.0,5.0
2024-05-09,0.0,0.0,0.0,0.0,0.0,11.0,0.0,139.0,0.5,1.0,0.0,0.0,0.0,0.0,0.0,8.5,0.5,0.0,0.0,0.0,3.5,0.5,1.0,3.0,0.0,0.0,0.0,0.0,0.0,0.5,31.0,5.5,1.5,29.5,0.5,9.5,0.0,15.0
2024-05-10,0.0,0.0,0.0,0.0,0.0,12.0,0.0,132.0,1.5,0.0,0.0,0.0,0.0,0.0,0.0,4.5,1.5,0.0,0.0,0.0,6.5,0.0,0.0,0.0,0.0,0.0,0.0,0.0,0.0,0.0,45.5,2.5,16.0,30.5,0.5,5.5,1.0,18.0
2024-05-11,0.0,0.0,0.0,0.0,0.0,14.5,0.0,131.0,0.0,0.0,0.0,0.0,0.5,0.0,0.0,6.5,1.5,0.0,0.0,0.0,0.0,1.0,4.0,0.0,0.0,0.0,0.0,0.0,0.0,0.0,28.0,5.5,2.0,36.5,0.5,10.0,0.0,29.5
2024-05-12,0.0,2.5,0.0,0.0,0.0,15.0,0.0,150.5,0.5,1.0,0.0,0.0,0.0,0.0,0.0,7.5,0.5,0.0,0.0,0.0,0.5,2.0,4.5,2.5,0.0,0.0,0.0,0.0,0.0,2.5,4.5,4.5,2.5,28.0,1.0,6.5,3.0,22.0
2024-05-13,0.0,1.0,0.0,0.0,0.0,12.5,0.0,166.0,0.0,0.0,0.0,0.0,0.0,0.0,0.0,0.0,0.0,0.0,0.0,0.0,1.5,1.5,0.5,0.0,0.0,0.0,0.0,0.0,0.0,2.0,13.5,4.5,2.0,29.0,0.5,5.5,0.0,21.0
2024-05-14,0.0,1.5,0.0,0.0,0.0,10.5,0.0,146.5,0.0,3.0,0.0,0.0,1.0,0.0,0.0,4.0,0.5,0.0,0.0,0.0,2.5,0.0,1.5,0.5,0.0,0.0,0.0,0.0,0.0,1.0,23.0,4.5,2.5,29.5,0.5,6.5,0.0,14.5
2024-05-15,0.0,3.0,0.0,0.0,0.0,14.0,0.0,178.5,0.0,0.5,0.0,0.0,3.5,0.0,0.0,5.5,1.0,0.0,0.0,0.0,0.5,0.0,1.0,0.0,0.0,0.0,0.0,0.0,0.0,1.0,14.0,5.0,1.75,33.5,2.5,9.5,0.0,23.5
2024-05-16,0.0,0.0,0.0,0.0,0.0,12.5,0.0,152.0,0.0,3.0,0.0,0.0,2.0,0.0,0.0,10.25,1.0,0.0,0.0,0.0,0.5,0.0,0.0,0.0,0.0,0.0,0.0,0.0,0.0,1.0,36.0,0.5,1.5,30.5,1.5,5.0,10.0,5.0
2024-05-17,0.0,0.0,0.0,0.0,0.0,10.5,0.0,153.5,0.0,2.5,0.0,0.0,1.5,0.0,0.0,0.5,2.0,0.0,0.0,0.0,0.5,0.5,6.0,0.0,0.0,0.0,0.0,0.0,0.0,0.5,26.0,0.5,2.5,29.0,1.5,6.5,1.5,15.5
2024-05-18,0.0,0.0,0.0,0.0,0.0,12.5,0.0,148.5,0.0,0.0,0.0,0.0,2.0,0.0,0.0,0.0,4.5,0.0,0.0,0.0,0.0,0.0,1.0,1.0,0.0,0.0,0.0,0.0,0.0,0.0,38.5,5.5,1.5,31.5,1.0,9.5,0.0,22.0
2024-05-19,0.0,0.0,0.0,0.0,0.0,16.5,0.0,162.5,1.0,0.0,0.0,0.0,0.0,0.0,0.0,3.0,0.5,0.0,0.0,0.0,0.0,0.5,3.0,0.5,0.0,0.0,0.0,0.0,0.0,0.0,27.0,5.0,6.5,32.0,1.5,8.5,0.5,20.0
2024-05-20,0.0,1.5,0.0,0.0,0.0,13.5,0.0,156.5,1.5,0.0,0.0,0.0,0.0,0.0,0.0,1.0,0.5,0.0,0.0,0.0,1.5,2.0,1.0,0.0,0.0,0.0,0.0,0.0,0.0,0.5,15.0,4.5,1.5,28.0,3.0,6.5,0.0,15.0
2024-05-21,0.0,0.75,0.0,0.0,0.0,12.5,0.0,145.25,1.5,0.0,0.0,0.0,0.0,0.0,0.0,0.5,0.0,0.0,0.0,0.0,3.0,0.5,5.5,0.0,0.0,0.0,0.0,0.0,0.0,0.0,23.75,4.5,2.5,31.0,7.5,12.0,1.0,22.5
2024-05-22,0.0,5.0,0.0,0.0,0.0,14.0,0.0,161.5,0.5,0.5,0.0,0.0,1.5,0.0,0.0,2.5,0.5,0.0,0.0,0.0,1.0,2.0,0.5,0.5,0.0,0.0,0.0,0.0,0.0,1.0,14.0,4.5,4.0,31.0,0.5,11.5,0.0,23.5
2024-05-23,0.5,0.0,0.5,0.0,0.0,13.5,0.0,163.5,0.0,1.0,0.0,0.0,2.0,0.0,0.0,4.5,2.0,0.0,0.0,0.0,0.5,0.0,0.0,0.0,0.0,0.0,0.0,0.0,0.0,0.0,42.0,2.0,2.0,32.5,1.0,7.0,0.5,15.5
2024-05-24,1.5,0.0,0.0,0.0,0.0,12.5,0.0,148.0,0.5,1.0,0.0,0.0,0.0,0.0,0.0,11.25,0.5,0.0,0.0,0.0,1.5,0.0,0.0,0.0,0.0,0.0,0.0,0.0,0.0,4.0,31.5,3.0,3.5,30.0,2.5,4.5,0.0,15.5
2024-05-25,0.0,0.0,0.0,0.0,0.0,15.0,0.0,156.0,1.5,0.0,0.0,0.0,0.0,0.0,0.0,4.0,0.5,0.0,0.0,0.0,1.5,0.0,0.0,0.0,0.0,0.0,0.0,0.0,0.0,0.0,18.75,1.0,1.5,29.5,0.5,4.0,0.5,24.5
2024-05-26,1.5,1.5,0.0,0.0,0.0,14.5,0.0,144.5,1.0,1.5,0.0,0.0,0.0,0.0,0.0,8.0,1.5,0.0,0.0,0.0,0.0,2.5,0.0,2.5,0.0,0.0,0.0,0.0,0.0,0.0,11.5,6.0,1.5,29.5,0.5,6.0,0.0,28.0
2024-05-27,0.0,0.5,0.0,0.0,0.0,13.5,0.0,160.5,5.5,0.0,0.0,0.0,0.0,0.0,0.0,2.0,0.5,0.0,0.0,0.0,1.0,4.5,8.5,0.0,0.0,0.0,0.0,0.0,0.0,0.0,14.0,6.0,2.0,31.5,0.5,5.5,3.0,20.5
2024-05-28,1.5,0.0,0.0,0.0,0.0,13.0,0.0,144.0,0.0,0.0,0.0,0.0,0.0,0.0,0.0,1.5,1.0,0.0,0.0,0.0,1.0,0.0,2.0,10.5,0.0,0.0,0.0,0.0,0.0,1.0,15.0,6.5,1.5,31.5,0.5,5.0,1.0,36.5
2024-05-29,0.0,0.0,0.0,0.0,0.0,13.0,0.0,148.0,0.0,0.5,0.0,0.0,0.0,0.0,0.0,2.0,0.5,0.0,0.0,0.0,0.5,2.0,0.0,3.5,0.0,0.0,0.0,0.0,0.0,0.0,20.0,5.0,4.5,31.0,0.0,5.5,1.5,34.0
2024-05-30,0.0,2.0,0.5,0.0,0.0,13.5,0.0,163.5,1.0,2.0,0.0,0.0,0.0,0.0,0.0,11.5,0.5,0.0,0.0,0.0,0.5,2.0,1.0,0.0,0.0,0.0,0.0,0.0,0.0,0.0,17.0,3.5,2.5,30.0,0.0,5.0,0.0,22.5
2024-05-31,0.0,2.0,0.0,0.0,0.0,12.5,0.0,163.75,1.5,0.0,0.0,0.0,0.0,0.0,0.0,12.0,0.0,0.0,0.0,0.0,0.5,1.5,0.0,0.0,0.0,0.0,0.0,0.0,1.0,0.0,10.5,7.5,0.5,29.0,1.0,7.25,0.0,11.0
2024-06-01,0.0,0.0,0.5,0.0,0.0,13.5,0.0,156.25,1.5,2.5,0.0,0.0,0.0,0.0,0.0,2.5,4.0,0.0,0.0,0.0,0.0,1.0,3.0,0.0,0.0,0.0,0.0,0.0,0.0,0.0,7.5,2.5,4.0,28.5,0.0,8.0,0.5,16.5
2024-06-02,0.0,0.0,0.0,0.0,0.0,14.0,0.0,134.0,0.5,0.5,0.0,0.0,0.0,0.0,1.5,6.5,4.0,0.0,0.0,0.0,1.5,0.0,2.5,0.0,0.0,0.0,0.0,0.0,0.0,0.0,13.5,5.5,0.5,28.5,3.0,7.0,1.0,28.0
2024-06-03,0.0,0.0,2.5,0.0,0.0,12.0,0.0,141.0,2.5,0.0,0.0,0.0,0.0,0.0,0.0,11.0,0.0,0.0,0.0,0.0,2.5,0.0,0.0,0.0,0.0,0.0,0.0,0.0,0.0,2.0,18.0,3.0,3.0,31.5,5.0,7.0,1.5,37.0
2024-06-04,0.0,0.0,13.0,0.0,0.0,0.5,0.0,173.5,1.0,0.0,0.0,0.0,0.0,0.0,3.0,9.5,2.0,0.0,0.0,0.0,1.5,2.5,1.5,5.0,0.0,0.0,0.0,0.0,0.0,0.5,38.0,6.0,2.5,35.5,1.0,5.5,0.0,13.0
2024-06-05,0.0,0.0,12.0,0.0,0.0,0.5,0.0,146.5,1.0,3.5,0.0,0.0,0.0,0.0,2.5,7.5,0.5,0.0,0.0,0.0,3.0,0.5,1.0,0.0,0.0,0.0,0.0,0.0,0.0,2.0,43.0,5.0,1.5,37.0,1.0,7.0,2.5,20.5
2024-06-06,0.0,0.5,14.0,0.0,0.0,0.5,0.0,159.5,0.5,9.5,0.0,0.0,0.0,0.0,3.0,14.5,1.5,0.0,0.0,0.0,0.0,0.5,0.5,1.0,0.0,0.0,0.0,0.0,0.0,1.0,37.0,5.5,3.5,34.5,0.0,9.0,0.0,11.5
2024-06-07,0.0,4.0,15.5,0.0,0.0,0.0,0.0,156.0,0.0,1.0,0.0,0.0,0.0,0.0,0.0,13.5,4.5,0.0,0.0,0.0,0.0,4.5,4.0,3.0,0.0,0.0,0.0,0.0,0.0,0.0,18.0,5.5,2.0,34.5,0.0,12.0,0.0,28.0
2024-06-08,0.0,0.0,14.0,0.0,0.0,0.0,0.0,146.75,0.5,0.0,0.0,0.0,1.5,0.0,0.0,13.5,4.0,0.0,0.0,0.0,0.5,7.0,4.5,6.0,0.0,0.0,0.0,0.0,0.0,0.0,15.0,6.0,1.0,30.0,0.0,8.75,0.0,11.5
2024-06-09,1.0,1.0,14.0,0.0,0.0,0.5,0.0,152.5,0.0,0.0,0.0,0.0,2.5,0.0,0.0,7.5,0.5,0.0,0.0,0.0,0.0,5.0,1.0,3.0,0.0,0.0,0.0,0.0,0.5,0.5,23.0,4.5,3.0,32.0,0.0,10.5,0.5,25.0
2024-06-10,0.0,1.0,15.0,0.0,0.0,0.5,0.0,142.5,1.0,1.0,0.0,0.0,0.0,0.0,4.5,16.0,1.5,0.0,0.0,0.0,1.0,3.5,2.0,1.5,0.0,0.0,0.0,0.0,0.0,0.0,16.0,4.5,2.5,31.5,0.5,9.0,3.5,20.5
2024-06-11,0.0,2.0,14.5,0.0,0.0,0.5,0.0,160.0,1.0,0.5,0.0,0.0,0.0,0.0,2.5,14.5,1.5,0.0,0.0,0.0,0.5,2.5,2.0,0.0,0.0,0.0,0.0,0.0,0.0,0.0,32.0,5.0,2.0,35.0,1.0,6.5,1.0,22.5
2024-06-12,0.0,0.0,18.0,0.0,0.0,0.0,0.0,170.5,0.0,0.5,0.0,0.0,0.0,0.0,2.5,5.5,6.0,0.0,0.0,0.0,1.0,0.5,6.5,1.0,0.0,0.0,0.0,0.0,0.0,0.0,22.5,5.5,2.75,35.0,0.5,6.5,0.0,22.0
2024-06-13,2.5,0.0,15.0,0.0,0.0,0.5,0.0,159.5,1.0,3.5,0.0,0.0,1.5,0.0,0.0,6.0,0.5,0.0,0.5,0.0,2.5,5.5,0.0,0.5,0.0,0.0,0.0,0.0,0.0,0.0,24.5,7.0,2.0,39.5,1.5,7.0,5.0,21.0
2024-06-14,0.0,1.5,16.0,0.0,0.0,0.5,0.0,157.5,0.5,1.5,0.0,0.0,0.0,0.0,0.5,16.0,2.5,0.0,0.5,0.0,3.5,3.0,0.0,2.5,0.0,0.0,0.0,0.0,0.0,0.0,14.0,5.5,1.5,33.0,0.5,7.0,4.0,17.5
2024-06-15,0.0,4.5,18.5,0.0,0.0,0.5,0.0,146.33333333333334,0.0,2.0,0.0,0.0,1.0,0.0,0.0,10.0,2.0,0.0,0.0,0.0,0.0,6.0,5.5,7.0,0.0,0.0,0.0,0.0,3.5,2.0,16.0,5.5,1.5,31.0,0.0,3.0,0.5,13.5
2024-06-16,0.0,5.5,17.0,0.0,0.0,0.0,0.0,155.0,0.0,0.0,0.0,0.0,1.0,0.0,0.0,8.5,2.0,0.0,0.0,0.0,0.5,1.0,3.0,0.5,0.0,0.0,0.0,0.0,0.0,0.5,11.0,5.0,4.5,30.0,0.0,9.5,0.0,15.5
2024-06-17,1.5,0.0,15.0,0.0,0.0,0.5,0.0,152.0,1.0,2.0,0.0,0.0,0.0,0.0,1.0,5.0,0.5,0.0,0.5,0.0,0.5,7.5,3.0,1.0,0.0,0.0,0.0,8.0,1.0,4.0,10.0,4.5,2.0,34.0,2.5,5.0,4.5,30.5
2024-06-18,0.0,0.0,13.5,0.0,0.0,0.5,0.0,136.5,3.0,0.0,0.0,0.0,0.0,0.0,0.0,0.0,0.0,0.0,0.0,0.0,0.0,1.5,1.0,0.0,0.0,0.0,0.0,0.0,0.0,0.0,30.5,5.5,0.5,41.0,0.0,7.5,1.0,45.5
2024-06-19,0.0,0.0,14.5,0.0,0.0,0.5,0.0,156.0,0.5,0.0,0.0,0.0,0.0,0.0,0.0,7.0,1.5,0.0,0.0,0.0,7.0,3.0,6.0,0.0,0.0,0.0,0.0,0.0,0.0,0.0,34.25,4.5,2.0,33.0,0.0,5.0,6.0,16.0
2024-06-20,0.0,0.5,16.0,0.0,0.0,0.0,0.0,144.0,5.0,1.5,0.0,0.0,0.0,0.0,0.0,6.0,0.5,0.0,0.0,0.0,4.0,0.0,3.0,0.0,0.0,0.0,0.0,0.0,0.0,1.0,15.5,9.5,2.0,32.5,5.5,11.5,8.0,22.5
2024-06-21,0.0,3.5,15.5,0.0,4.0,0.0,0.0,151.5,1.5,4.5,0.0,0.0,0.0,0.0,0.0,12.75,0.0,0.0,1.0,0.0,3.0,3.0,0.0,0.0,0.0,0.0,0.0,0.0,2.0,1.0,18.0,10.0,0.5,34.5,3.0,11.5,3.5,24.5
2024-06-22,2.5,0.0,14.0,0.0,0.0,0.0,0.0,143.0,0.5,0.0,0.0,0.0,1.0,0.0,0.0,2.5,1.5,0.0,0.0,0.0,0.0,3.0,3.5,0.5,0.0,0.0,0.0,0.0,0.0,0.0,19.5,1.5,1.5,28.0,0.0,7.0,2.5,21.5
2024-06-23,5.0,0.0,13.5,0.0,0.0,0.0,0.0,143.5,0.0,0.0,0.0,0.0,0.0,0.0,0.0,5.5,1.0,0.0,0.0,0.0,2.0,1.0,2.0,4.0,0.0,0.0,0.0,0.0,5.0,0.0,15.5,4.5,2.0,30.0,0.0,4.5,0.0,32.75
2024-06-24,0.0,0.0,13.5,0.0,0.0,0.0,0.0,145.0,0.0,3.0,0.0,0.0,1.0,0.0,0.0,11.0,1.0,0.0,0.0,0.0,1.0,4.5,0.0,2.0,0.0,0.0,0.0,8.0,0.0,1.5,28.0,6.5,1.5,32.5,2.0,6.0,0.0,20.5
2024-06-25,3.5,1.0,18.5,0.0,0.0,0.0,0.0,154.5,0.5,2.0,0.0,0.0,0.0,0.0,0.0,6.5,1.5,0.0,0.0,0.0,3.5,1.0,3.0,0.5,0.0,0.0,0.0,8.0,0.0,0.0,32.5,4.5,4.0,37.0,0.0,5.5,0.0,19.0
2024-06-26,3.5,0.0,17.5,0.0,0.0,0.0,0.0,169.0,0.0,5.5,0.0,0.0,2.0,0.0,0.0,12.0,2.5,0.0,1.0,0.0,0.0,0.0,1.0,1.5,0.0,0.0,0.0,0.5,0.0,0.0,8.0,0.5,3.5,34.0,0.0,6.5,3.0,26.0
2024-06-27,0.0,3.0,15.0,0.0,1.5,0.0,0.0,151.0,0.5,5.0,0.0,0.0,0.0,0.0,3.5,5.0,0.5,0.0,1.5,0.0,2.5,1.5,0.5,0.0,0.0,0.0,0.0,0.0,0.0,0.0,20.0,3.0,1.5,31.5,0.5,4.5,0.0,29.5
2024-06-28,0.0,0.0,14.0,0.0,5.0,0.0,0.0,148.5,0.0,2.0,0.0,0.0,1.5,0.0,1.0,6.5,2.0,1.5,0.0,0.0,1.0,0.0,0.0,0.0,0.0,0.0,0.0,0.0,0.0,0.0,8.5,2.5,1.5,30.0,0.0,5.5,0.5,32.5
2024-06-29,0.0,0.0,14.5,0.0,0.0,0.0,0.0,144.0,0.5,0.0,0.0,0.0,1.5,0.0,0.0,4.0,2.0,4.5,0.0,0.0,2.0,1.5,0.0,0.0,0.0,0.0,0.0,0.0,0.0,0.0,17.0,5.0,2.0,28.5,0.5,8.5,0.0,25.5
2024-06-30,0.0,0.0,15.5,0.0,0.0,0.0,0.0,155.0,0.0,0.0,0.0,0.0,0.0,0.0,0.0,6.0,0.5,0.0,0.0,0.0,3.0,3.0,2.5,2.5,0.0,0.0,0.0,0.0,0.0,0.5,14.0,5.0,2.5,32.5,0.5,9.5,1.0,26.0
2024-07-01,0.0,0.0,15.0,1.5,35.0,0.0,0.0,118.5,0.0,0.0,0.0,0.0,0.0,0.0,1.5,0.0,1.0,6.5,7.0,0.0,0.0,1.0,4.0,5.5,0.0,0.0,0.0,29.0,1.0,0.0,1.0,7.5,1.5,35.5,0.5,6.5,0.0,0.0
2024-07-02,0.0,0.0,14.0,0.0,33.5,0.0,0.5,129.5,0.0,2.5,0.0,0.0,0.0,0.0,0.0,0.0,0.5,13.0,13.5,0.0,0.0,9.0,0.0,8.0,0.0,0.0,0.0,20.0,0.0,1.0,1.0,4.5,8.0,40.5,0.5,6.0,1.0,0.0
2024-07-03,0.0,0.0,14.0,1.0,7.5,0.0,1.0,144.5,2.0,1.5,0.0,0.0,0.0,0.0,1.0,0.0,2.5,0.0,8.5,0.0,0.0,0.0,3.0,0.0,0.0,0.0,0.0,14.5,0.0,0.0,1.5,2.5,3.0,35.0,0.5,6.0,0.0,0.0
2024-07-04,0.0,0.0,15.0,0.0,38.0,0.0,0.5,152.0,1.0,1.0,0.0,0.0,0.0,0.0,0.0,0.0,4.0,1.0,10.0,0.0,0.0,3.0,0.0,2.5,0.0,0.0,0.0,15.5,1.5,0.0,0.5,6.0,1.5,38.0,0.0,6.5,1.0,0.0
2024-07-05,0.0,0.0,15.0,0.0,23.0,0.0,14.0,138.0,0.5,0.0,0.0,0.0,0.0,0.0,9.0,0.0,0.5,3.5,3.0,0.0,3.5,3.5,0.0,0.0,0.0,0.0,0.0,0.0,1.0,2.0,0.5,6.5,5.5,34.0,1.0,6.0,0.0,0.0
2024-07-06,5.5,0.0,18.5,1.5,36.5,0.0,0.5,121.5,0.0,1.0,0.0,0.0,0.0,0.0,0.0,0.0,1.0,11.0,1.0,0.0,2.0,1.0,1.0,0.0,0.0,0.0,0.0,0.0,0.0,0.0,0.5,8.0,1.5,31.5,0.0,8.5,0.0,0.0
2024-07-07,3.5,0.0,14.0,0.0,14.5,0.0,4.0,122.0,0.0,0.0,0.0,0.0,1.0,0.0,0.0,0.0,0.0,9.0,2.5,0.0,1.0,1.0,2.5,0.5,0.0,0.0,0.0,17.5,4.5,3.0,0.5,6.5,4.5,32.0,0.0,8.0,0.5,0.0
2024-07-08,0.0,0.0,17.0,2.5,30.5,0.0,1.0,144.5,0.0,0.5,0.0,0.0,3.0,0.0,0.0,0.0,2.0,21.5,7.0,0.0,3.5,0.0,1.0,0.0,0.0,0.0,0.0,14.5,0.0,0.0,0.5,2.5,3.5,38.5,0.5,4.5,0.5,0.0
2024-07-09,0.0,0.0,17.0,0.5,33.0,0.0,0.5,155.0,1.0,1.0,0.0,0.0,0.0,0.0,3.0,0.0,1.0,1.5,3.0,0.0,5.5,1.5,0.0,1.0,0.0,0.0,0.0,15.0,0.0,0.0,1.0,2.0,2.0,38.0,3.5,10.5,1.0,0.0
2024-07-10,0.0,0.0,19.5,0.5,27.0,0.0,2.5,155.5,4.0,5.0,0.0,0.0,2.5,0.0,1.0,0.0,0.5,4.0,10.0,0.0,2.0,2.5,2.0,0.0,0.0,0.0,0.0,15.0,0.0,1.0,0.5,6.5,1.5,40.0,3.5,9.0,0.0,0.0
2024-07-11,2.0,0.0,17.5,1.5,34.0,0.0,0.5,132.5,0.5,2.5,0.0,0.0,0.0,0.0,1.5,0.0,0.5,11.0,4.0,0.0,2.5,2.0,0.5,0.0,0.0,0.0,0.0,16.5,0.0,0.0,0.0,3.0,2.5,37.5,11.5,8.0,1.0,0.0
2024-07-12,0.5,0.0,17.0,0.0,31.5,0.0,0.0,135.0,3.0,2.0,0.0,0.0,1.5,0.0,6.5,0.0,1.0,9.5,5.0,0.0,0.0,0.5,0.0,0.0,0.0,0.0,0.0,0.0,0.0,0.0,1.0,5.0,2.0,33.0,1.5,6.5,0.0,0.0
2024-07-13,0.5,0.0,14.0,0.0,15.0,0.0,2.5,123.0,0.0,1.5,0.0,0.0,0.0,0.0,5.0,0.0,2.0,13.5,4.0,0.0,2.5,1.5,4.0,0.5,0.0,0.0,0.0,0.0,2.5,3.0,1.0,3.5,3.0,31.0,0.0,9.5,0.0,0.0
2024-07-14,7.0,0.0,15.0,0.0,23.0,0.0,0.0,144.5,0.0,0.0,0.0,0.0,0.0,0.0,0.0,0.0,0.5,4.0,2.0,0.0,4.0,0.5,1.0,1.0,0.0,0.0,0.0,22.0,4.0,1.0,1.0,2.0,4.0,36.0,0.0,7.0,0.0,0.0
2024-07-15,0.0,0.0,13.5,0.0,46.5,0.0,0.0,140.0,0.0,0.5,0.0,0.0,0.0,0.0,0.0,0.0,0.5,1.0,2.5,0.0,0.0,0.0,0.5,0.0,0.0,0.0,0.0,15.0,0.0,0.0,0.5,12.0,2.5,37.0,0.0,9.0,0.0,0.0
2024-07-16,5.0,0.0,14.5,5.0,28.0,0.0,0.0,147.75,2.0,1.5,0.0,0.0,2.5,0.0,2.5,0.0,0.5,5.5,5.75,0.0,0.0,0.0,0.0,2.5,0.0,0.0,0.0,11.0,0.0,0.0,1.0,4.5,5.0,37.5,0.5,8.5,0.0,0.0
2024-07-17,3.5,0.0,16.5,0.0,35.0,0.0,3.0,126.5,0.0,4.0,0.0,0.0,0.5,0.0,6.0,0.0,0.5,9.0,1.5,0.0,0.0,3.5,1.0,0.0,0.0,0.0,0.0,12.5,3.5,1.0,1.0,1.0,8.0,36.5,0.0,5.0,0.0,0.0
2024-07-18,2.0,0.0,22.5,0.5,21.5,0.0,0.0,141.0,4.0,0.0,0.0,0.0,2.5,0.0,5.5,0.0,0.5,10.0,5.0,0.0,1.5,1.0,1.0,0.0,0.0,0.0,0.0,0.0,9.0,0.0,1.0,6.0,2.5,37.5,4.5,9.5,0.0,0.0
2024-07-19,0.5,0.0,15.5,0.0,16.0,0.0,0.0,100.5,2.0,0.0,0.0,0.0,0.0,0.0,0.0,0.0,0.0,2.0,91.0,0.0,0.5,0.0,0.0,0.0,0.0,0.0,0.0,0.0,0.0,0.0,0.0,8.0,1.0,34.5,1.5,8.0,4.0,0.0
2024-07-20,2.0,0.0,13.5,0.5,13.5,0.0,1.5,131.0,1.0,0.0,0.0,0.0,0.0,0.0,3.0,0.0,1.5,6.0,1.0,0.0,1.0,1.5,6.5,2.0,0.0,0.0,0.0,8.0,1.5,0.0,0.5,7.0,6.0,32.5,0.0,10.5,0.5,0.0
2024-07-21,6.5,0.0,17.0,0.5,24.5,0.0,1.0,139.5,0.0,0.0,0.0,0.0,0.0,0.0,0.0,0.0,0.5,5.0,4.5,0.0,1.0,1.0,3.0,3.5,0.0,0.0,0.0,7.0,0.0,3.5,1.0,5.0,4.5,34.0,0.0,8.0,0.0,0.0
2024-07-22,4.0,0.0,15.5,0.0,27.5,0.0,0.0,139.0,0.0,0.5,0.0,0.0,0.0,0.0,2.0,0.0,6.0,5.0,6.5,0.0,0.0,0.0,1.5,1.5,0.0,0.0,0.0,14.5,3.0,6.5,0.5,5.5,2.0,36.5,1.0,11.0,0.0,0.0
2024-07-23,1.0,0.0,13.0,0.0,22.0,0.0,1.5,132.0,0.0,1.0,0.0,0.0,0.0,0.0,0.0,0.0,0.5,5.0,1.0,0.0,7.5,0.0,2.0,2.5,0.0,0.0,0.0,14.0,0.0,1.0,1.0,8.5,5.0,34.0,1.5,8.5,0.0,0.0
2024-07-24,4.0,0.0,16.5,0.5,27.5,0.0,3.0,151.5,0.0,0.0,0.0,0.0,1.5,0.0,3.5,0.0,1.5,11.0,2.5,0.0,5.0,0.0,0.0,0.0,0.0,0.0,0.0,0.0,0.0,0.0,1.0,5.0,2.5,41.0,0.5,10.5,0.0,0.0
2024-07-25,2.5,0.0,17.5,0.0,26.0,0.0,0.0,134.0,0.0,0.0,0.0,0.0,0.0,0.0,3.5,0.0,1.5,11.0,9.5,0.0,0.0,3.0,0.5,3.5,0.0,0.0,0.0,0.0,0.0,0.0,1.0,4.5,4.0,34.0,0.0,6.5,0.0,0.0
2024-07-26,0.0,0.0,15.5,0.0,29.0,0.0,1.5,132.0,0.0,0.0,0.0,0.0,0.0,0.0,2.0,0.0,4.0,4.5,0.0,0.0,0.0,2.0,3.0,0.5,0.0,0.0,0.0,8.0,1.5,0.5,1.5,10.5,4.0,33.0,0.0,8.0,0.5,0.0
2024-07-27,0.5,0.0,15.25,1.0,27.5,0.0,3.0,150.5,0.0,0.0,0.0,0.0,0.0,0.0,0.5,0.0,0.0,11.0,0.0,0.0,0.5,0.0,10.5,0.0,0.0,0.0,0.0,0.0,4.0,0.5,0.5,6.0,1.0,38.0,0.0,6.5,0.0,0.0
2024-07-28,5.0,0.0,14.5,0.0,22.0,0.0,1.0,150.0,0.0,0.0,0.0,0.0,0.5,0.0,4.0,0.0,2.0,3.0,0.0,0.0,0.5,0.0,8.0,0.0,0.0,0.0,0.0,0.0,1.5,0.5,1.0,4.5,1.0,34.0,0.0,8.0,0.0,0.0
2024-07-29,0.0,0.0,13.0,0.0,24.5,0.0,4.5,151.5,0.0,1.5,0.0,0.0,0.0,0.0,2.5,0.0,0.0,6.0,0.5,0.0,0.0,0.0,8.0,0.0,0.0,0.0,0.0,0.0,3.5,0.0,1.0,4.5,4.5,33.5,0.5,7.0,0.0,0.0
2024-07-30,0.0,0.0,12.0,1.0,25.5,0.0,4.0,143.5,2.5,2.5,0.0,0.0,2.5,0.0,4.5,0.0,0.0,2.5,4.5,0.0,5.0,0.5,2.5,3.0,0.0,0.0,0.0,0.0,2.5,0.5,1.0,3.0,0.5,37.0,0.0,7.5,1.5,0.0
2024-07-31,0.0,0.0,15.0,3.0,47.0,0.0,0.0,127.0,2.5,2.0,0.0,0.0,0.0,0.0,4.0,0.0,1.0,3.5,11.0,0.0,2.5,8.5,3.5,2.0,0.0,0.0,0.0,0.0,3.0,0.5,0.5,0.5,5.0,40.0,1.0,6.0,0.5,0.0
2024-08-01,0.0,0.0,8.0,0.0,17.5,0.0,0.0,114.5,2.0,3.0,0.0,0.0,0.0,0.0,3.5,0.0,0.5,3.0,13.5,0.0,1.0,3.0,3.0,0.0,0.0,0.0,0.0,14.5,1.0,0.5,0.0,5.0,3.5,33.0,0.0,13.5,0.0,0.0
2024-08-02,0.0,0.0,5.5,1.0,13.5,0.0,4.0,104.5,2.5,2.0,0.0,0.0,2.5,0.0,5.0,0.0,0.5,14.0,13.0,0.0,0.0,0.5,2.0,4.0,0.0,0.0,0.0,0.0,1.5,1.0,0.0,14.0,1.5,37.0,5.0,7.5,1.0,0.0
2024-08-03,0.0,0.0,2.5,0.0,12.5,0.0,2.0,114.5,0.0,0.0,0.0,0.0,0.0,0.0,5.5,0.0,0.5,5.5,7.5,0.0,0.0,5.0,4.0,2.0,0.0,0.0,0.0,8.0,5.0,6.0,0.0,10.0,1.5,32.0,0.5,7.5,2.0,0.0
2024-08-04,0.0,0.0,3.0,0.0,37.5,0.0,0.0,115.5,2.0,0.0,0.0,0.0,0.0,0.0,7.0,0.0,0.5,2.5,9.5,0.0,0.0,1.0,6.0,1.5,0.0,0.0,0.0,26.0,4.0,0.0,0.0,6.5,3.0,37.0,0.0,7.0,0.0,0.0
2024-08-05,0.0,0.0,2.0,2.5,32.5,0.0,0.0,101.0,1.5,0.5,0.0,0.0,0.0,0.0,4.0,0.0,0.5,4.0,14.5,0.0,0.0,0.0,0.0,2.0,0.0,0.0,0.0,24.0,1.5,3.0,0.0,5.0,1.5,35.0,3.5,9.5,4.0,0.0
2024-08-06,0.0,0.0,3.0,0.0,40.0,0.0,1.0,110.25,3.5,0.5,0.0,0.0,0.0,0.0,2.5,0.0,0.5,9.5,6.0,0.0,0.0,5.5,0.5,0.5,0.0,0.0,0.0,5.0,7.0,1.0,0.0,7.5,2.0,33.5,5.0,8.0,1.5,0.0
2024-08-07,2.0,0.0,4.0,0.0,36.0,0.0,0.5,102.0,0.0,7.5,0.0,0.0,1.0,0.0,1.0,0.0,0.5,8.5,14.0,0.0,0.0,7.0,1.0,0.5,0.0,0.0,0.0,6.0,9.0,0.5,0.0,7.0,3.5,32.0,1.0,8.5,0.0,0.0
2024-08-08,0.0,0.0,1.0,0.0,43.5,0.0,1.0,116.5,0.0,1.0,0.0,0.0,0.5,0.0,5.0,0.0,2.0,2.5,8.0,0.0,1.5,4.0,0.0,2.5,0.0,0.0,0.0,6.5,0.5,1.0,0.0,5.0,4.0,36.0,3.0,10.5,0.0,0.0
2024-08-09,0.0,0.0,8.5,0.0,47.5,0.0,0.0,121.0,0.0,1.0,0.0,0.0,0.0,0.0,4.0,0.0,0.5,7.0,2.0,0.0,0.0,2.0,0.0,0.0,0.0,0.0,0.0,0.0,0.0,0.0,0.0,5.5,1.5,32.0,0.0,11.5,0.0,0.0
2024-08-10,0.0,0.0,3.5,0.0,36.0,0.0,0.0,112.0,0.0,0.0,0.0,0.0,2.0,0.0,1.5,0.0,0.5,5.0,2.5,0.0,0.0,5.5,3.0,4.5,0.0,0.0,0.0,26.0,0.0,0.0,0.0,5.0,4.0,33.0,0.5,7.5,0.0,0.0
2024-08-11,0.0,0.0,4.0,0.0,40.0,0.0,2.0,108.5,0.0,0.0,0.0,0.0,0.0,0.0,2.5,0.0,0.5,3.5,1.0,0.0,0.0,2.0,1.0,2.0,0.0,0.0,0.0,20.5,0.0,1.5,0.0,5.0,2.5,32.0,0.0,7.0,0.0,0.0
2024-08-12,2.0,0.0,2.5,0.0,45.0,0.0,0.0,107.0,0.0,0.0,0.0,0.0,0.0,0.0,3.0,0.0,1.0,6.0,14.5,0.0,0.0,0.0,0.0,0.5,0.0,0.0,0.0,26.0,2.0,1.0,0.0,5.0,1.5,33.5,2.0,7.5,1.0,0.0
2024-08-13,1.0,0.0,2.5,0.0,32.0,0.0,1.0,101.5,5.5,1.5,0.0,0.0,1.0,0.0,2.5,0.0,0.5,12.0,15.5,0.0,0.5,2.5,2.0,0.5,0.0,0.0,0.0,2.0,6.0,1.0,0.0,5.0,1.5,34.0,0.5,7.5,4.5,0.0
2024-08-14,0.5,0.0,1.0,1.0,35.5,0.0,1.0,106.5,0.0,2.0,0.0,0.0,0.5,0.0,1.0,0.0,0.5,10.0,16.0,0.0,3.0,2.0,7.5,3.5,0.0,0.0,0.0,1.5,0.0,1.0,0.0,9.5,4.0,35.0,5.5,8.5,4.5,0.0
2024-08-15,0.0,0.0,1.0,0.0,26.5,0.0,1.0,120.0,2.5,0.0,0.0,0.0,0.0,0.0,0.5,0.0,0.5,6.0,12.0,0.0,10.5,0.0,2.0,0.0,0.0,0.0,0.0,10.5,0.0,0.5,0.0,3.0,5.5,38.0,5.0,10.0,0.0,0.0
2024-08-16,0.5,0.0,0.0,0.0,92.25,0.0,1.0,96.5,0.0,0.0,0.0,0.0,0.5,0.0,0.0,0.0,0.5,2.0,0.0,0.0,0.0,0.0,0.0,0.0,0.0,0.0,0.0,0.0,1.5,0.0,0.0,6.0,1.5,34.0,0.0,7.5,0.0,0.0
2024-08-17,0.0,0.0,1.5,0.0,25.0,0.0,3.5,123.0,0.0,0.0,0.0,0.0,2.5,0.0,1.0,0.0,0.5,2.0,2.5,0.0,4.5,4.0,1.0,0.5,0.0,0.0,0.0,4.0,8.0,0.5,0.0,7.0,1.5,36.0,0.5,5.0,0.0,0.0
2024-08-18,0.0,0.0,1.0,0.0,22.5,0.0,3.0,125.5,0.5,0.0,0.0,0.0,1.5,0.0,0.0,0.0,0.0,8.5,11.0,0.0,3.0,0.5,6.0,5.0,0.0,0.0,0.0,5.0,3.5,0.0,0.0,5.0,2.5,34.0,0.0,6.0,0.0,0.0
2024-08-19,0.0,0.0,2.0,0.0,18.0,0.0,6.5,119.5,0.0,1.5,0.0,0.0,0.0,0.0,0.5,0.0,0.0,1.5,20.5,0.0,0.0,0.0,12.0,2.5,0.0,0.0,0.0,0.0,10.5,5.0,0.0,5.0,3.0,38.0,3.5,7.5,3.0,0.0
2024-08-20,0.0,0.0,2.0,0.0,15.5,0.0,2.0,107.0,4.5,6.0,0.0,0.0,0.0,0.0,5.5,0.0,0.5,8.5,14.5,0.0,5.0,0.5,0.0,2.0,0.0,0.0,0.0,5.5,4.5,0.0,0.0,7.5,2.5,34.0,0.0,10.0,7.5,0.0
2024-08-21,0.0,0.0,5.5,0.0,26.0,0.0,1.25,113.5,1.5,0.0,0.0,0.0,1.0,0.0,3.0,0.0,0.5,16.0,8.0,0.0,0.5,1.0,1.5,4.5,0.0,0.0,0.0,0.5,0.0,1.0,0.0,6.5,1.5,33.0,1.5,7.0,0.0,0.0
2024-08-22,0.0,0.0,3.0,0.0,34.5,0.0,3.0,113.0,1.5,0.0,0.0,0.0,0.0,0.0,4.0,0.0,0.0,8.0,3.0,0.0,3.5,0.0,0.0,0.0,0.0,0.0,0.0,7.0,0.0,0.0,0.0,0.0,1.5,31.5,1.0,4.5,0.0,0.0
2024-08-23,0.0,0.0,1.5,0.0,18.0,0.0,3.5,113.5,2.0,0.0,0.0,0.0,0.0,0.0,1.0,0.0,0.5,7.0,11.0,0.0,0.0,1.5,4.5,0.0,0.0,0.0,0.0,8.5,0.0,0.5,0.0,7.0,9.0,33.0,5.5,7.5,0.0,0.0
2024-08-24,0.0,0.0,1.0,0.0,26.5,0.0,3.5,122.0,0.5,0.0,0.0,0.0,0.0,0.0,2.5,0.0,0.5,6.5,13.5,0.0,4.0,5.5,3.5,2.0,0.0,0.0,0.0,0.0,6.0,1.5,0.0,6.0,1.5,36.5,0.5,8.0,1.0,0.0
2024-08-25,1.0,0.0,4.0,0.0,40.5,0.0,1.5,110.0,0.0,0.0,0.0,0.0,1.5,0.0,1.0,0.0,0.5,9.5,8.0,0.0,1.0,1.5,0.0,9.5,0.0,0.0,0.0,8.0,0.0,9.0,0.0,3.0,2.0,35.0,0.0,5.0,1.5,0.0
2024-08-26,0.0,0.0,2.0,0.0,31.5,0.0,0.0,126.0,3.0,0.5,0.0,0.0,0.0,0.0,2.0,0.0,1.5,7.0,25.0,0.0,3.5,2.5,1.5,0.0,0.0,0.0,0.0,0.0,0.0,2.0,0.0,1.5,3.5,35.0,2.0,6.5,0.0,0.0
2024-08-27,0.0,0.0,1.0,0.0,48.0,0.0,0.5,119.75,0.0,0.0,0.0,0.0,0.0,0.0,0.0,0.0,1.5,11.5,12.5,0.0,1.0,2.0,7.5,1.0,0.0,0.0,0.0,1.0,0.0,0.0,0.0,6.0,4.0,35.0,5.0,5.0,1.0,0.0
2024-08-28,0.0,0.0,6.0,0.0,40.5,0.0,4.0,99.0,2.5,2.0,0.0,0.0,2.5,0.0,5.0,0.0,0.5,10.5,3.5,0.0,0.0,1.0,0.0,2.5,0.0,0.0,0.0,9.5,2.5,0.0,0.0,2.0,3.0,31.5,1.0,5.5,0.5,0.0
2024-08-29,0.0,0.0,0.0,0.0,57.0,0.0,0.0,102.5,0.0,0.0,0.0,0.0,0.0,0.0,1.5,0.0,0.5,5.0,0.0,0.0,0.0,1.0,1.0,0.0,0.0,0.0,0.0,7.0,0.0,0.0,0.0,5.0,2.5,29.5,3.0,7.5,0.0,0.0
2024-08-30,0.0,0.0,0.0,0.0,81.5,0.0,0.0,83.0,0.0,0.0,0.0,0.0,0.0,0.0,0.0,0.0,16.0,1.0,0.0,0.0,0.0,0.0,0.0,0.0,0.0,0.0,0.0,0.0,0.0,0.0,0.0,2.5,0.5,32.5,1.0,9.0,0.0,0.0
2024-08-31,1.0,0.0,0.5,0.0,40.5,0.0,0.0,105.0,0.0,0.0,0.0,0.0,0.0,0.0,3.0,0.0,0.5,0.0,13.0,0.0,0.5,3.0,6.0,0.0,0.0,0.0,0.0,0.0,6.0,1.5,0.0,9.0,2.25,34.5,1.0,9.0,0.0,0.0
2024-09-01,0.0,0.0,8.5,0.0,31.0,0.0,0.0,117.5,0.0,0.0,0.0,0.0,0.0,0.0,0.0,0.0,0.5,6.0,9.5,0.0,1.5,4.0,1.0,4.0,0.0,0.0,0.0,2.5,3.5,1.0,0.0,1.5,3.5,36.0,0.0,6.0,5.0,0.0
2024-09-02,0.0,0.0,2.0,0.0,29.0,0.0,0.0,120.0,5.0,1.0,0.0,1.5,0.0,0.0,1.0,0.0,0.5,8.0,19.0,0.0,1.5,6.0,3.0,9.0,0.0,0.0,1.0,0.0,0.0,3.0,0.0,3.5,1.5,35.5,2.5,6.0,1.5,0.0
2024-09-03,0.0,0.0,2.5,0.0,18.5,0.0,0.5,107.0,0.0,0.0,6.5,0.0,0.0,0.0,0.0,0.0,0.5,7.5,21.5,0.0,2.0,5.0,2.0,6.5,0.0,0.0,0.0,16.0,0.5,0.0,0.0,5.5,2.5,33.0,1.0,9.0,4.5,0.0
2024-09-04,0.0,0.0,3.5,0.0,16.0,0.0,0.0,119.5,0.0,0.0,11.0,0.0,0.0,0.0,0.0,0.0,0.5,16.0,23.0,0.0,0.0,7.0,5.5,2.0,0.0,0.0,0.5,16.0,0.0,0.0,0.0,5.0,1.5,38.0,1.5,11.5,1.0,0.0
2024-09-05,0.0,0.0,2.0,0.0,11.5,0.0,1.0,111.0,0.0,0.0,4.5,1.0,0.0,0.0,0.0,0.0,0.5,5.0,27.0,0.0,4.5,2.0,0.5,2.5,0.0,0.0,2.0,12.0,0.0,0.0,0.0,5.0,4.5,34.5,10.0,12.5,0.0,0.0
2024-09-06,5.5,0.0,1.0,0.0,22.5,0.0,1.5,116.0,0.0,1.0,0.0,0.0,0.0,0.0,1.0,0.0,1.0,10.5,8.0,0.0,1.5,0.0,0.0,0.0,0.0,0.0,0.0,0.0,0.0,0.0,0.0,8.0,1.0,31.0,1.0,7.5,0.0,0.0
2024-09-07,0.0,0.0,0.0,0.0,11.0,0.0,3.0,109.5,0.0,1.5,5.0,0.0,0.0,0.0,3.0,0.0,4.5,13.0,3.5,0.0,4.0,4.0,4.0,0.5,0.0,0.0,0.0,16.0,0.0,0.0,0.0,8.5,1.5,32.0,0.0,9.5,0.0,0.0
2024-09-08,0.0,0.0,4.0,0.0,28.0,0.0,6.5,107.0,2.5,0.0,0.0,0.0,0.0,0.0,0.0,0.0,0.5,6.0,0.5,0.0,2.5,1.0,4.0,1.0,0.0,0.0,0.0,24.0,0.0,0.0,0.0,7.0,3.0,32.5,1.0,9.0,3.0,0.0
2024-09-09,0.0,0.0,6.5,0.0,27.5,0.0,5.0,105.5,0.0,0.0,3.0,0.0,0.0,0.0,1.5,0.0,1.5,12.0,16.5,0.0,0.0,2.0,2.5,0.5,0.0,0.0,0.0,23.0,1.0,1.0,0.0,6.5,1.5,36.5,0.0,10.5,0.5,0.0
2024-09-10,0.0,0.0,3.5,0.0,16.5,0.0,5.5,107.5,0.0,3.5,0.0,0.0,0.0,0.0,1.0,0.0,0.5,12.5,21.0,0.0,0.0,3.5,5.5,0.5,0.0,0.0,0.0,16.5,1.0,0.0,0.0,8.5,4.0,34.0,0.0,10.0,0.0,0.0
2024-09-11,0.0,0.0,1.0,0.0,15.5,0.0,2.0,112.5,0.0,0.0,0.0,0.0,0.0,0.0,0.0,0.0,0.5,12.0,10.5,0.0,0.0,1.5,16.0,0.5,0.0,0.0,0.0,16.0,0.0,0.0,0.0,5.0,5.0,34.0,3.0,8.5,0.0,0.0
2024-09-12,0.0,0.0,1.0,0.0,13.0,0.0,0.0,110.5,0.0,0.0,0.5,0.0,0.0,0.0,0.0,0.0,0.5,9.0,12.5,0.0,0.0,0.0,9.0,0.0,0.0,0.0,1.0,0.0,0.0,0.0,0.0,3.5,1.5,29.0,0.0,7.5,0.0,0.0
2024-09-13,0.0,0.0,0.5,0.0,18.0,0.0,0.0,102.5,0.0,5.0,0.0,0.0,0.0,0.0,0.0,0.0,0.5,12.5,11.5,0.0,0.0,0.0,8.0,0.0,0.0,0.0,0.0,0.0,0.0,0.0,0.0,7.0,7.5,28.5,0.0,7.5,0.0,0.0
2024-09-14,4.0,0.0,0.0,0.0,7.5,0.0,0.0,111.5,0.0,0.0,5.5,0.0,0.0,0.0,0.0,0.0,0.5,10.5,14.5,0.0,0.0,0.0,0.0,0.5,0.0,0.0,0.0,17.0,7.5,0.0,0.0,6.0,3.0,30.0,0.0,9.5,0.0,0.0
2024-09-15,4.0,0.0,1.0,0.0,17.5,0.0,0.0,115.5,0.0,0.0,0.0,0.0,0.0,0.0,0.0,0.0,0.5,4.5,9.5,0.0,0.0,1.0,11.0,2.5,0.0,0.0,0.0,17.0,2.5,4.5,0.0,5.0,6.5,31.5,0.0,9.0,0.0,0.0
2024-09-16,0.0,0.0,1.5,0.0,23.5,0.0,0.0,106.5,0.0,0.5,1.0,0.0,0.5,4.0,0.5,0.0,0.0,9.5,8.5,0.0,0.0,0.0,0.5,0.5,0.0,0.0,0.0,16.5,7.0,0.0,0.0,5.0,3.5,29.5,0.5,8.0,0.0,0.0
2024-09-17,0.0,0.0,0.0,0.0,16.5,0.0,0.0,112.5,0.0,0.0,0.0,0.0,0.0,5.0,2.5,0.0,0.5,1.0,8.5,0.0,0.0,0.0,0.5,0.0,0.0,0.0,0.0,6.5,0.0,0.0,0.0,5.0,1.0,27.5,0.5,10.5,0.0,0.0
2024-09-18,0.0,0.0,7.5,0.0,30.5,0.0,3.5,107.0,3.0,0.0,0.0,0.0,0.0,0.0,10.0,0.0,0.5,6.5,6.5,0.0,0.0,0.0,1.5,0.0,0.0,0.0,0.0,1.0,0.0,2.0,0.0,6.5,2.5,33.0,0.0,7.0,2.5,0.0
2024-09-19,0.0,0.0,3.0,0.0,29.0,0.0,5.0,117.5,0.0,3.0,0.0,0.0,0.0,0.0,0.5,0.0,1.0,20.0,4.0,0.0,1.5,0.0,0.5,0.5,0.0,0.0,0.0,0.0,0.0,1.5,0.0,5.0,2.5,33.0,0.0,7.0,0.0,0.0
2024-09-20,0.0,0.0,1.5,0.0,29.0,0.0,1.0,123.5,0.0,0.0,0.0,0.0,0.0,7.0,11.0,0.0,1.0,19.5,4.0,0.0,0.0,1.0,0.0,0.0,0.0,0.0,0.0,1.5,0.0,0.0,0.0,1.5,3.5,37.5,0.5,8.0,0.5,0.0
2024-09-21,0.0,0.0,0.0,0.0,34.5,0.0,3.5,114.5,0.0,0.0,0.0,0.0,0.0,3.5,3.0,0.0,0.5,3.0,1.5,0.0,2.5,4.0,0.5,0.0,0.0,0.0,0.0,6.5,0.0,0.0,0.0,4.0,5.0,32.5,0.5,6.0,0.0,0.0
2024-09-22,0.0,0.0,2.0,0.0,23.5,0.0,0.0,119.5,0.0,0.0,0.0,0.0,0.0,6.0,0.0,0.0,0.5,5.0,2.5,0.0,0.0,3.5,3.5,6.5,0.0,0.0,0.0,15.0,2.0,1.0,0.0,3.0,8.0,35.0,0.5,6.0,0.0,0.0
2024-09-23,0.0,0.0,4.0,0.0,28.5,0.0,0.0,132.5,0.0,1.5,0.0,0.0,0.0,0.0,13.0,0.0,0.5,6.0,3.0,0.0,0.0,0.0,0.5,2.5,0.0,0.0,0.0,0.0,0.0,0.5,0.0,5.5,5.5,35.0,0.0,8.0,0.5,0.0
2024-09-24,0.0,0.0,0.5,0.0,25.5,0.0,7.0,122.5,0.0,0.0,0.0,0.0,0.0,0.0,6.5,0.0,0.0,7.0,9.0,0.0,0.0,0.0,7.0,1.0,0.0,1.5,0.0,0.0,0.0,0.0,0.0,6.5,4.0,32.5,0.0,13.0,0.0,0.0
2024-09-25,0.0,0.0,2.5,0.0,27.5,0.0,4.0,111.5,1.0,0.0,0.0,0.0,0.0,5.0,0.0,0.0,3.5,19.0,8.0,0.0,1.0,0.5,1.0,1.5,0.0,0.0,0.0,1.0,0.0,0.0,0.0,8.25,4.0,33.5,0.0,7.0,1.5,0.0
2024-09-26,0.0,0.0,1.5,0.0,16.5,0.0,0.0,113.5,0.0,0.0,1.0,0.0,0.0,5.5,0.5,0.0,2.0,2.5,7.5,0.0,2.0,5.5,5.5,2.0,0.0,0.0,0.0,0.0,3.5,2.0,0.0,5.5,3.5,31.5,0.5,10.0,2.5,0.0
2024-09-27,0.0,0.0,4.0,0.0,29.0,0.0,3.5,106.0,3.0,0.0,0.0,0.0,1.5,2.5,0.0,0.0,0.5,5.5,4.5,0.0,0.5,2.5,0.0,0.0,0.0,0.0,0.0,4.0,2.0,0.0,0.0,5.0,5.0,34.5,0.0,11.5,0.0,0.0
2024-09-28,0.0,0.0,0.5,0.0,27.5,0.0,2.5,115.0,0.0,0.0,0.0,0.0,1.0,9.0,6.5,0.0,0.5,10.0,7.0,0.0,0.5,0.5,0.0,1.0,0.0,0.0,0.0,1.0,0.5,0.0,0.0,5.0,2.5,34.0,0.0,9.5,0.0,0.0
2024-09-29,0.0,0.0,1.0,0.0,19.0,0.0,0.0,114.5,1.5,0.0,0.0,0.0,0.0,4.0,6.5,0.0,0.5,2.0,4.5,0.0,1.0,5.5,0.0,1.0,0.0,1.0,0.0,8.0,0.0,0.0,0.0,5.5,2.0,31.0,0.0,10.0,6.5,0.0
2024-09-30,0.0,0.0,2.0,0.0,18.0,0.0,6.5,123.0,0.0,0.0,0.0,0.0,0.0,0.0,4.0,0.0,0.5,8.0,7.5,0.0,0.0,0.0,3.5,1.0,0.0,0.0,0.0,0.0,0.0,2.5,0.0,6.0,4.0,30.0,0.0,6.0,3.5,0.0
2024-10-01,0.0,0.0,1.5,0.0,14.0,0.0,4.5,119.0,0.0,0.5,0.0,0.0,1.0,4.0,6.0,0.0,2.0,3.5,14.5,0.0,0.5,0.0,3.5,1.0,0.0,1.0,0.0,3.0,0.5,1.0,0.0,6.5,3.0,33.0,0.0,9.5,2.0,0.0
2024-10-02,0.0,0.0,0.5,0.0,11.5,0.0,7.5,123.5,2.5,0.5,0.0,0.0,3.0,4.5,2.5,0.0,2.0,4.0,9.5,0.0,2.0,3.5,4.0,4.0,0.0,0.0,0.0,7.5,1.5,0.0,0.0,6.0,8.0,34.0,3.5,4.5,1.5,0.0
2024-10-03,0.0,0.0,2.5,0.0,26.0,0.0,0.0,119.0,1.5,0.5,0.0,0.0,0.0,2.0,0.0,0.0,0.0,6.5,11.0,0.0,4.0,1.0,1.0,3.0,0.0,0.0,0.5,17.0,0.0,0.0,0.0,9.0,2.5,37.0,1.0,6.0,2.0,0.0
2024-10-04,0.0,0.0,1.5,0.0,14.0,0.0,1.5,113.5,0.5,1.0,1.0,0.0,0.0,1.0,2.0,0.0,4.5,12.5,14.5,0.0,0.0,0.5,0.0,5.0,0.0,0.0,0.0,15.5,0.0,0.0,0.0,6.5,3.25,38.5,0.5,7.0,0.0,0.0
2024-10-05,0.0,0.0,0.5,0.0,23.0,0.0,1.0,114.5,0.0,0.0,0.0,0.0,0.0,0.0,3.0,0.0,0.5,2.0,4.0,0.0,0.0,0.0,7.5,2.0,0.0,0.0,0.0,0.0,0.5,1.0,0.0,5.0,4.0,29.0,0.5,9.0,0.0,0.0
2024-10-06,0.0,0.0,0.0,0.0,11.5,0.0,0.0,113.5,0.0,2.5,1.0,0.0,0.0,3.5,3.5,0.0,4.5,4.5,7.0,0.0,0.0,0.5,4.5,1.0,0.0,0.5,0.0,8.5,0.0,1.0,0.0,5.5,11.0,30.5,0.0,10.5,0.0,0.0
2024-10-07,0.0,0.0,0.5,0.0,18.5,0.0,9.0,133.5,0.0,0.0,0.0,0.0,0.0,8.0,3.5,0.0,5.0,2.0,5.5,0.0,2.0,3.0,9.5,0.0,0.0,0.0,0.0,1.5,2.0,0.0,0.0,6.5,8.0,40.0,3.5,10.5,0.0,0.0
2024-10-08,0.0,0.0,0.0,0.0,12.0,0.0,8.5,118.0,0.0,0.0,1.5,0.0,0.0,3.5,4.0,0.0,0.5,15.0,7.0,0.0,5.0,2.5,1.5,0.0,0.0,0.0,0.0,7.5,0.0,3.5,0.0,5.0,4.5,34.5,1.0,8.0,0.0,0.0
2024-10-09,0.0,0.0,3.5,0.0,20.0,0.0,0.0,115.0,5.0,0.0,0.5,0.0,0.0,4.0,0.0,0.0,2.5,6.5,8.0,0.0,1.0,10.0,0.0,0.0,0.0,2.0,0.0,7.5,0.0,0.0,0.0,5.0,2.0,34.5,1.0,7.0,0.5,0.0
2024-10-10,0.0,0.0,1.5,1.0,20.0,0.0,1.0,122.0,1.0,3.0,0.0,0.0,0.0,1.0,0.0,0.0,0.5,9.5,6.0,0.0,0.0,5.5,0.0,0.0,0.0,0.0,0.0,15.5,0.5,0.0,0.0,8.5,9.0,35.0,3.5,7.0,1.0,0.0
2024-10-11,0.0,0.0,5.5,0.0,21.5,0.0,2.5,112.5,0.0,1.0,1.5,0.0,0.0,7.0,6.0,0.0,0.5,9.5,1.5,0.0,5.0,0.0,1.5,3.0,0.0,0.0,0.0,0.0,1.0,0.0,0.0,2.0,10.5,33.5,1.0,5.0,2.5,0.0
2024-10-12,0.0,0.0,2.0,0.0,19.5,0.0,6.0,111.0,0.0,3.0,0.0,0.0,0.0,1.5,2.0,0.0,0.5,7.0,9.5,0.0,0.0,0.0,1.5,7.0,0.0,0.0,0.0,7.5,0.0,3.0,0.0,8.5,4.0,32.5,0.0,8.0,0.0,0.0
2024-10-13,0.0,0.0,0.5,0.0,14.0,0.0,2.0,125.0,0.5,0.0,2.5,0.0,0.0,3.0,0.0,0.0,2.0,7.0,6.5,0.0,2.5,0.0,1.5,1.5,0.0,4.5,0.0,1.0,2.0,1.5,0.0,6.5,2.0,29.5,0.0,9.5,0.0,0.0
2024-10-14,0.0,0.0,4.5,0.0,19.5,0.0,3.0,127.0,1.0,1.0,0.0,0.0,0.0,1.5,0.0,0.0,6.0,13.0,5.0,0.0,0.5,1.0,0.0,3.5,0.0,0.0,0.0,2.5,4.0,0.5,0.0,6.0,6.0,35.5,0.5,8.0,3.5,0.0
2024-10-15,0.0,0.0,1.0,6.5,19.5,0.0,0.0,104.5,0.0,10.0,0.0,0.0,0.0,0.5,3.0,0.0,1.0,5.0,7.0,0.0,0.0,1.0,0.0,1.5,0.0,0.0,0.0,1.0,0.0,0.0,0.0,5.5,5.5,29.0,0.5,6.0,0.0,0.0
2024-10-16,0.0,0.0,1.0,1.5,28.5,0.0,8.5,114.0,0.5,10.0,2.5,0.0,0.0,5.0,4.0,0.0,2.0,3.0,11.0,0.0,1.0,2.0,3.0,0.5,0.0,2.5,0.0,1.0,0.0,3.0,0.0,8.5,8.5,38.0,2.0,9.0,2.5,0.0
2024-10-17,0.0,0.0,1.0,0.0,16.0,0.0,1.5,113.25,1.0,1.0,0.0,0.0,0.0,4.5,4.0,0.0,0.5,5.0,5.0,0.0,1.0,2.5,3.5,0.0,0.0,0.0,0.0,1.5,0.0,5.0,0.0,6.5,12.5,35.5,7.0,7.0,0.0,0.0
2024-10-18,0.0,0.0,0.5,0.0,15.5,0.0,2.5,105.5,0.0,1.0,0.0,0.0,0.0,0.0,1.5,0.0,1.5,2.0,6.5,0.0,1.5,0.0,1.5,0.0,0.0,0.0,0.0,5.0,0.0,0.0,0.0,10.5,11.0,30.0,4.5,6.5,0.0,0.0
2024-10-19,0.0,0.0,1.0,0.0,16.5,0.0,0.0,101.0,0.0,0.0,0.0,0.0,0.0,2.0,6.0,0.0,3.5,5.5,4.5,0.0,0.0,3.5,0.0,4.0,0.0,0.0,0.0,1.0,0.0,0.0,0.0,8.5,1.5,33.0,0.0,6.0,0.5,0.0
2024-10-20,0.0,0.0,2.0,0.0,7.5,0.0,2.0,125.5,2.5,0.0,0.0,0.0,0.0,4.5,4.0,0.0,0.5,16.0,4.5,0.0,0.0,0.5,0.5,3.0,0.0,0.0,0.0,0.5,0.0,5.0,0.0,5.5,9.0,33.0,0.0,8.5,0.0,0.0
2024-10-21,0.0,0.0,0.5,0.5,25.5,0.0,0.0,111.5,0.5,0.5,4.5,0.0,0.0,0.0,3.0,0.0,0.0,12.0,5.0,0.0,0.0,0.0,0.5,0.0,0.0,0.0,0.0,0.0,0.0,1.0,0.0,0.0,4.5,30.0,0.0,7.5,1.0,0.0
2024-10-22,0.0,0.0,1.5,0.0,17.5,0.0,0.0,112.5,0.0,3.0,0.0,0.0,0.0,0.5,13.5,0.0,0.5,7.0,7.0,0.0,0.0,4.0,1.5,0.5,0.0,0.5,0.0,0.0,0.5,4.0,0.0,2.0,16.0,33.5,0.5,7.5,0.5,0.0
2024-10-23,0.0,0.0,0.5,0.0,20.5,0.0,1.5,106.0,0.0,4.0,0.0,0.0,0.0,0.0,2.0,0.0,4.0,26.5,6.5,0.0,3.5,0.0,4.0,0.0,0.0,2.0,0.0,0.0,0.0,0.0,0.0,1.5,17.5,33.5,0.5,7.0,0.0,0.0
2024-10-24,0.0,0.0,2.0,0.0,22.5,0.0,2.5,112.0,0.0,1.5,1.5,0.0,0.0,0.0,6.5,0.0,1.5,14.5,18.5,0.0,1.0,5.0,8.5,0.5,0.0,1.0,0.0,1.0,0.0,5.0,0.0,5.0,7.0,41.0,1.0,4.0,0.0,0.0
2024-10-25,0.0,0.0,7.0,0.0,24.0,0.0,1.5,121.5,0.0,3.0,0.0,0.0,0.0,0.0,1.0,0.0,1.5,10.5,3.0,0.0,3.0,3.0,1.0,1.5,0.0,0.0,0.0,0.0,3.0,2.5,0.0,12.5,7.5,37.5,1.5,1.5,5.5,0.0
2024-10-26,0.0,0.0,0.5,0.0,14.5,0.0,5.0,98.5,0.0,0.0,0.0,0.0,0.0,0.0,1.0,0.0,0.5,12.0,5.0,0.0,0.0,0.0,0.5,1.0,0.0,3.5,0.0,0.0,0.0,4.5,0.0,15.5,2.5,26.5,0.0,0.0,0.0,0.0
2024-10-27,0.0,0.0,6.0,1.0,29.0,0.0,0.0,102.0,0.5,1.5,0.0,0.0,0.0,1.5,0.0,0.0,0.5,13.5,9.5,0.0,0.0,2.0,1.5,6.0,0.0,0.0,0.0,0.0,0.0,2.0,0.0,13.5,5.0,37.0,0.5,0.0,1.5,0.0
2024-10-28,0.0,0.0,4.0,1.5,18.0,0.0,0.0,109.0,0.0,5.0,0.0,0.0,0.0,4.0,0.0,0.0,0.5,10.5,6.5,0.0,2.5,8.0,1.0,3.0,0.0,1.5,0.5,0.0,1.0,1.5,0.0,14.0,9.0,35.0,0.5,0.0,2.5,0.0
2024-10-29,0.0,0.0,6.0,3.5,15.5,0.0,6.5,110.0,1.0,6.5,0.0,0.0,0.0,0.0,2.0,0.0,0.0,8.5,6.5,0.0,1.5,4.5,1.0,1.5,0.0,5.0,0.0,0.0,0.0,0.0,0.0,12.5,12.5,33.5,0.5,0.0,0.5,0.0
2024-10-30,0.0,0.0,2.5,0.0,17.0,0.0,5.0,119.5,0.0,5.0,2.0,0.0,0.0,0.0,2.0,0.0,0.0,14.0,18.0,0.0,0.0,2.5,2.5,0.5,0.0,6.0,2.0,0.0,4.5,0.0,0.0,10.5,4.0,38.0,0.0,0.0,2.0,0.0
2024-10-31,0.0,0.0,6.5,0.0,15.5,0.0,0.0,111.5,0.0,2.5,0.0,0.0,0.0,0.0,3.0,0.0,3.5,2.5,7.0,0.0,6.5,4.5,4.0,2.0,0.0,0.0,1.0,0.0,1.0,6.0,0.0,6.5,12.5,33.0,0.0,0.0,3.0,0.0
2024-11-01,0.0,0.0,3.0,0.0,23.5,0.0,0.5,102.0,0.0,0.0,0.0,0.0,0.0,3.0,2.5,0.0,0.5,3.5,3.0,0.0,0.0,1.0,1.5,0.0,0.0,0.5,0.0,0.0,3.0,0.0,0.0,12.25,7.0,37.0,2.0,0.0,1.0,0.0
2024-11-02,0.0,0.0,2.0,0.0,28.5,0.0,0.5,105.0,0.0,0.0,0.0,0.0,0.0,1.0,0.5,0.0,0.5,3.0,4.5,0.0,2.5,7.0,8.0,0.0,0.0,0.0,0.0,0.0,0.0,4.5,0.0,17.5,7.0,30.5,3.0,0.0,0.0,0.0
2024-11-03,0.0,0.0,1.5,0.0,17.0,0.0,1.0,109.75,0.0,0.0,0.0,0.0,0.0,7.5,0.5,0.0,0.5,3.5,6.0,0.0,0.0,16.0,8.5,0.0,0.0,0.0,0.5,0.0,0.0,4.0,0.0,13.5,5.5,31.0,0.5,0.0,0.0,0.0
2024-11-04,0.0,0.0,0.5,0.0,17.5,0.0,2.5,117.0,0.0,1.5,0.0,0.0,0.0,0.5,0.0,0.0,0.5,6.5,4.5,0.0,0.5,7.0,4.5,4.5,0.0,0.0,0.0,0.0,0.0,2.0,0.0,8.5,5.5,30.0,0.0,0.0,3.0,0.0
2024-11-05,0.0,0.0,1.0,0.0,24.0,0.0,3.5,110.5,0.0,2.5,0.0,0.0,0.0,0.0,0.0,0.0,0.5,19.0,6.0,0.0,2.0,3.0,6.0,5.0,0.0,3.5,0.0,0.0,0.0,2.5,0.0,9.0,4.0,35.0,0.0,0.0,4.0,0.0
2024-11-06,0.0,0.0,4.0,0.0,12.5,0.0,0.0,119.0,0.0,5.5,0.0,0.0,0.0,2.0,3.5,0.0,2.0,11.0,11.0,0.0,0.0,0.0,1.0,0.5,0.0,1.5,0.0,0.0,0.0,4.0,0.0,9.0,3.0,30.5,0.0,0.0,4.5,0.0
2024-11-07,0.0,0.0,1.5,0.0,21.5,0.0,0.0,100.5,8.0,4.0,0.0,0.0,0.0,0.0,0.0,0.0,0.0,9.0,7.5,0.0,0.0,0.0,1.0,2.0,0.0,0.0,0.0,0.0,1.0,1.0,0.0,7.0,3.5,29.0,0.0,0.0,0.5,0.0
2024-11-08,0.0,0.0,5.0,0.0,16.0,0.0,0.0,115.5,1.5,4.0,0.0,0.0,0.0,2.0,2.0,0.0,1.5,12.0,8.0,0.0,0.0,0.0,0.5,1.0,0.0,0.0,0.5,0.0,0.0,0.0,0.0,15.0,6.5,32.0,1.0,0.0,1.0,0.0
2024-11-09,0.0,0.0,5.5,0.0,18.0,0.0,1.0,108.5,1.0,4.0,0.0,0.0,0.0,3.0,0.0,0.0,1.5,13.5,9.0,0.0,0.0,6.0,0.5,2.0,0.0,0.0,0.0,0.0,0.0,0.0,0.0,12.5,5.5,32.0,0.5,0.0,0.5,0.0
2024-11-10,0.0,0.0,2.0,0.0,10.0,0.0,1.5,114.5,0.0,0.0,1.5,0.0,0.0,2.0,0.0,0.0,3.0,6.5,16.5,0.0,0.0,2.0,0.0,2.0,0.0,0.0,0.0,0.0,0.0,0.0,0.0,11.5,5.5,29.5,0.0,0.0,0.0,0.0
2024-11-11,0.0,0.0,0.0,0.0,26.0,0.0,3.5,123.5,0.0,0.5,0.0,0.0,0.0,0.5,0.0,0.0,0.5,5.0,10.0,0.0,0.5,0.5,0.0,0.0,0.0,0.0,0.0,0.0,0.0,0.0,0.0,13.5,4.5,30.0,3.0,0.0,1.5,0.0
2024-11-12,0.0,0.0,0.5,0.5,21.5,0.0,4.5,124.0,2.0,3.0,0.0,0.0,0.0,0.0,0.0,0.0,0.5,6.0,17.0,0.0,0.0,0.0,8.0,1.0,0.0,0.5,0.0,0.0,1.0,1.0,0.0,19.0,2.5,36.0,0.5,0.0,1.0,0.0
2024-11-13,0.0,0.0,1.5,0.0,26.0,0.0,3.0,135.5,0.0,3.0,0.0,0.0,0.0,0.0,3.0,0.0,9.5,3.5,16.0,0.0,0.0,3.0,3.5,5.0,0.0,0.0,0.0,1.0,0.0,0.0,0.0,8.5,1.5,36.0,3.0,0.0,1.0,0.0
2024-11-14,0.0,0.0,1.0,0.5,9.5,0.0,10.5,170.0,0.0,2.5,0.0,0.0,0.0,0.0,0.5,0.0,1.5,10.5,15.5,0.0,0.5,1.5,0.0,0.0,0.0,0.0,0.0,0.0,0.0,0.0,0.0,6.5,1.5,36.0,0.5,0.0,1.0,0.0
2024-11-15,0.0,0.0,1.5,1.5,13.5,0.0,0.0,146.0,0.0,1.5,0.0,0.0,1.5,1.5,0.0,0.0,1.0,12.5,19.0,0.0,0.0,0.0,0.5,1.5,0.0,0.0,0.0,0.0,0.0,0.0,0.0,2.0,3.0,34.0,0.5,0.0,0.0,0.0
2024-11-16,0.0,0.0,4.0,0.0,20.0,0.0,5.5,117.0,0.0,0.0,0.0,0.0,0.0,0.0,0.0,0.0,0.5,8.0,13.0,0.0,0.0,8.5,0.0,0.0,0.0,0.0,0.0,0.0,0.0,0.0,0.0,13.0,4.5,30.0,0.5,0.0,1.5,0.0
2024-11-17,0.0,0.0,3.0,0.0,18.0,0.0,4.0,120.5,0.0,0.0,0.0,0.0,0.0,4.0,0.0,0.0,0.5,7.5,6.5,0.0,0.0,1.0,2.5,0.0,0.0,0.0,0.0,0.0,0.0,0.5,0.0,0.0,2.0,33.0,0.0,0.0,0.0,0.0
2024-11-18,0.0,0.0,1.5,1.0,21.0,0.0,1.5,128.0,0.0,0.0,0.0,0.0,0.5,2.0,0.0,0.0,0.5,13.0,8.0,0.0,0.0,0.0,1.0,0.5,0.0,0.0,0.0,0.0,0.0,0.0,0.0,3.0,2.5,30.5,0.0,0.0,1.5,0.0
2024-11-19,0.0,0.0,1.5,0.0,16.5,0.0,7.0,121.0,0.0,1.0,0.0,0.0,0.0,1.0,3.0,0.0,6.0,8.5,17.5,0.0,1.0,3.0,6.0,0.0,0.0,0.0,0.0,0.0,0.0,0.5,0.0,6.5,1.5,32.5,0.0,0.0,0.5,0.0
2024-11-20,0.0,0.0,1.0,0.0,17.5,0.0,1.5,118.5,0.0,4.5,0.0,0.0,0.0,7.0,9.0,0.0,0.5,13.5,13.0,0.0,0.0,0.0,3.0,0.0,1.0,0.0,1.0,0.0,0.0,1.5,0.0,8.0,3.0,34.5,4.0,0.0,1.5,0.0
2024-11-21,0.0,0.0,3.5,0.0,24.0,0.0,1.0,136.0,0.0,7.0,0.5,0.0,0.0,1.5,0.0,0.0,0.5,10.5,12.0,0.0,0.5,6.5,0.0,3.0,0.0,0.5,0.0,0.0,0.0,1.0,0.0,8.5,2.0,37.5,3.0,0.0,2.5,0.0
2024-11-22,0.0,0.0,3.5,0.0,16.5,0.0,0.0,126.5,0.0,5.0,7.5,0.0,0.0,1.0,0.0,0.0,2.5,8.5,12.5,0.0,0.0,0.5,0.5,0.0,0.0,0.5,0.0,0.0,0.0,1.0,0.0,8.0,3.5,31.5,1.0,0.0,0.5,0.0
2024-11-23,0.0,0.0,3.5,0.0,17.5,0.0,4.0,113.5,0.0,0.0,0.0,0.0,0.0,1.0,0.0,0.0,0.5,10.0,13.5,0.0,0.0,4.0,3.0,0.0,0.0,0.0,0.0,0.0,0.0,1.5,0.0,12.5,2.0,29.0,0.5,0.0,1.0,0.0
2024-11-24,0.0,0.0,2.0,0.5,9.0,0.0,0.0,113.0,0.0,3.0,0.0,0.0,2.0,2.5,0.0,0.0,3.5,13.5,15.5,0.0,0.0,10.5,1.5,3.5,0.0,0.0,0.0,0.0,0.0,1.0,0.0,10.0,3.0,30.5,0.0,0.0,1.0,0.0
2024-11-25,0.0,0.0,2.5,0.5,15.0,0.0,1.0,105.0,0.0,3.5,0.0,0.0,0.0,0.0,4.0,0.0,0.5,25.0,5.5,0.0,0.0,1.5,1.0,0.0,1.0,1.5,0.0,0.0,0.0,3.0,0.0,8.5,1.5,34.5,1.0,0.0,2.0,0.0
2024-11-26,0.0,0.0,1.5,0.0,14.5,0.0,4.5,110.0,5.0,5.5,0.0,0.0,0.0,0.0,3.0,0.0,3.0,23.0,11.5,0.0,0.0,0.0,2.0,2.5,0.5,1.0,0.0,1.0,0.0,3.5,0.0,5.0,2.5,32.0,1.0,0.0,1.0,0.0
2024-11-27,0.0,0.0,4.0,0.5,27.5,0.0,3.5,101.0,0.0,2.5,0.0,0.0,0.0,0.0,5.5,0.0,4.5,14.0,13.0,0.0,0.0,1.5,5.0,0.5,0.0,0.0,0.0,0.0,0.0,2.0,0.0,7.5,7.0,39.5,0.5,0.0,4.5,0.0
2024-11-28,0.0,0.0,5.5,0.0,11.5,0.0,10.0,100.5,5.0,2.5,0.0,0.0,0.0,3.5,1.5,0.0,1.0,24.0,22.0,0.0,0.0,4.5,0.0,1.0,0.0,0.0,0.0,0.0,1.0,4.5,0.0,9.5,4.0,35.5,0.5,0.0,6.0,0.0
2024-11-29,0.0,0.0,9.5,0.0,27.0,0.0,0.0,99.5,0.0,2.5,0.0,0.0,0.0,1.0,0.0,0.0,0.5,15.0,18.5,0.0,0.0,1.0,0.0,0.0,0.0,0.0,0.0,0.0,0.0,1.5,0.0,11.0,1.5,30.0,1.0,0.0,2.0,0.0
2024-11-30,0.0,0.0,3.5,0.5,31.5,0.0,0.5,103.0,0.0,0.0,0.0,0.0,0.0,0.0,1.0,0.0,1.5,17.5,9.5,0.0,0.0,9.5,0.0,3.0,0.0,1.0,0.0,0.0,0.5,0.0,0.0,4.5,3.0,36.0,1.5,0.0,2.5,0.0
2024-12-01,0.0,0.0,1.5,0.0,9.5,0.0,0.0,96.0,0.0,0.0,3.0,0.0,0.0,2.0,1.0,0.0,1.5,12.0,4.0,0.0,0.0,13.0,0.0,5.0,0.0,0.0,0.0,0.0,0.0,3.0,0.0,8.5,2.0,26.0,1.0,0.0,0.0,0.0
2024-12-02,0.0,0.0,3.5,0.0,13.0,0.0,0.5,112.5,0.0,4.0,2.5,0.0,2.0,2.5,2.5,0.0,0.0,12.0,6.5,0.0,0.0,7.5,0.0,1.0,1.5,0.0,0.0,1.5,0.5,0.0,0.0,11.0,2.0,31.0,2.5,0.0,2.0,0.0
2024-12-03,0.0,0.0,2.0,0.0,13.5,0.0,0.0,98.0,0.0,3.0,0.0,0.0,0.0,3.5,0.0,0.0,2.5,13.5,21.0,0.0,0.0,8.0,0.0,0.0,3.0,0.0,0.0,24.0,3.0,8.0,0.0,5.0,5.0,32.5,0.0,0.0,0.0,0.0
2024-12-04,0.0,0.0,2.0,0.5,17.0,0.0,0.0,112.5,1.5,0.0,1.5,0.0,0.0,1.0,0.0,0.0,1.0,12.0,17.0,0.0,0.0,1.5,2.5,0.0,0.0,0.0,0.0,24.0,0.5,1.0,0.0,5.0,1.5,31.5,0.5,0.0,0.0,0.0
2024-12-05,0.0,0.0,4.0,0.0,19.0,0.0,0.0,112.0,1.5,2.0,0.0,0.0,0.0,0.0,4.5,0.0,0.5,18.5,3.0,0.0,0.0,0.0,1.5,0.0,0.0,0.0,0.0,13.5,0.0,0.0,0.0,1.5,1.0,30.5,0.5,0.0,2.5,0.0
2024-12-06,0.0,0.0,0.0,0.0,20.5,0.0,0.0,101.5,0.0,6.5,0.0,0.0,0.0,0.5,0.0,0.0,0.5,15.5,7.5,0.0,0.0,0.0,0.0,0.0,0.0,0.0,0.0,7.5,0.0,0.0,0.0,2.0,2.0,26.0,0.5,0.0,0.0,0.0
2024-12-07,0.0,0.0,4.0,0.5,27.5,0.0,4.5,98.0,0.0,0.5,0.0,0.0,0.0,0.0,0.0,0.0,0.5,15.5,8.5,0.0,0.0,8.0,1.0,1.0,0.0,0.0,0.0,0.0,0.0,0.0,0.0,2.0,1.5,30.5,0.0,0.0,4.5,0.0
2024-12-08,0.0,0.0,8.0,0.0,20.0,0.0,2.5,108.5,2.0,0.0,0.0,0.0,0.0,0.0,0.0,0.0,3.0,16.0,3.5,0.0,0.0,12.5,0.0,1.0,0.0,0.0,0.0,0.0,0.0,2.5,0.0,7.0,2.0,31.0,2.5,0.0,3.0,0.0
2024-12-09,0.0,0.0,0.5,0.0,30.0,0.0,1.0,111.0,0.0,9.0,0.0,0.0,0.0,2.5,2.0,0.0,1.5,17.0,7.0,0.0,0.0,7.0,0.0,0.5,0.0,0.0,0.0,0.0,0.0,0.0,0.0,14.0,2.0,31.0,0.5,0.0,0.0,0.0
2024-12-10,0.0,0.0,0.5,0.0,20.0,0.0,0.0,97.0,0.0,2.5,6.0,0.0,0.0,1.5,4.5,0.0,0.5,12.5,4.5,0.0,0.0,5.0,0.0,0.0,3.0,0.0,0.0,18.0,0.0,1.5,0.0,7.0,1.0,28.0,5.0,0.0,0.0,0.0
2024-12-11,0.0,0.0,0.0,0.0,27.0,0.0,2.0,96.5,0.0,0.0,3.0,0.0,1.5,2.0,5.5,0.0,4.5,13.5,2.5,0.0,0.0,0.0,1.0,0.0,0.0,0.0,0.0,17.0,0.0,1.5,0.0,7.0,1.5,33.0,4.0,0.0,0.0,0.0
2024-12-12,0.0,0.0,9.5,0.0,31.0,0.0,3.5,105.0,0.0,12.5,0.0,0.0,0.0,0.0,4.5,0.0,8.5,12.5,8.5,0.0,0.0,4.5,0.0,0.0,0.5,0.0,0.5,17.0,0.0,0.0,0.0,9.0,1.5,36.0,2.0,0.0,4.0,0.0
2024-12-13,0.0,0.0,8.5,0.5,34.5,0.0,4.0,96.5,0.0,1.0,0.0,0.0,0.0,2.0,0.5,0.0,1.0,14.0,3.0,0.0,0.0,10.0,0.0,0.0,4.0,0.0,1.0,8.0,0.0,0.0,0.0,9.5,1.5,32.0,7.5,0.0,2.0,0.0
2024-12-14,0.0,0.0,1.5,1.5,19.5,0.0,1.5,111.5,0.0,0.0,0.0,0.0,0.0,3.5,0.0,0.0,4.0,12.5,8.0,0.0,0.0,7.0,3.0,1.5,2.0,0.0,0.0,0.5,0.0,0.5,0.0,5.5,1.5,29.0,1.0,0.0,0.5,0.0
2024-12-15,0.0,0.0,3.5,0.0,19.5,0.0,0.0,102.0,0.0,0.5,0.0,0.0,1.0,1.5,0.0,0.0,1.5,15.0,6.5,0.0,0.0,21.0,1.0,3.0,0.0,0.0,0.0,0.0,0.0,0.0,0.0,12.75,2.5,31.5,0.5,0.0,2.0,0.0
2024-12-16,0.0,0.0,14.0,0.0,15.5,0.0,0.0,98.5,0.0,0.5,1.5,0.0,0.0,0.0,7.0,0.0,0.0,19.5,3.5,0.0,0.0,1.0,0.0,0.0,0.0,0.0,0.0,7.5,0.5,6.0,0.0,8.0,2.5,30.5,0.0,0.0,0.5,0.0
2024-12-17,0.0,0.0,1.5,0.0,25.0,0.0,0.0,112.0,0.0,2.5,4.0,0.0,1.0,3.0,11.5,0.0,4.5,15.0,5.5,0.0,0.0,0.0,0.0,0.0,6.5,0.5,1.0,8.0,0.0,0.0,0.0,6.5,1.5,36.5,0.5,0.0,4.5,0.0
2024-12-18,0.0,0.0,1.0,0.0,22.5,0.0,2.5,106.0,0.0,5.0,2.5,0.0,0.0,1.5,0.0,0.0,5.5,18.5,11.5,0.0,0.0,4.0,0.0,1.5,7.5,0.0,0.0,3.5,0.0,0.0,0.0,6.0,1.5,33.5,0.0,0.0,4.5,0.0
2024-12-19,0.0,0.0,1.5,0.0,32.0,0.0,0.0,107.0,0.0,0.0,2.5,0.0,0.0,0.0,3.5,0.0,0.5,16.0,2.0,0.0,0.0,5.0,0.0,0.0,1.0,0.0,0.0,1.5,0.0,6.5,0.0,10.0,2.0,31.0,1.0,0.0,0.0,0.0
2024-12-20,0.0,0.0,1.0,0.0,16.0,0.0,4.0,115.5,0.5,0.5,0.0,0.0,0.0,0.0,0.0,0.0,0.5,19.5,4.0,0.0,0.0,0.5,8.5,0.0,0.0,0.0,0.0,9.0,0.5,0.0,0.0,10.0,1.5,30.5,0.0,0.0,2.0,0.0
2024-12-21,0.0,0.0,6.0,0.0,22.0,0.0,0.5,96.0,1.5,0.0,0.0,0.0,0.0,0.5,0.5,0.0,1.5,20.5,2.0,0.0,0.0,10.5,3.0,8.5,1.0,1.0,0.0,0.0,0.0,1.0,0.0,8.5,1.5,28.5,0.5,0.0,2.0,0.0
2024-12-22,0.0,0.0,3.0,0.5,30.5,0.0,1.0,106.5,0.5,0.0,0.0,0.0,0.0,5.5,3.0,0.0,3.0,16.0,4.5,0.0,0.0,2.0,0.0,0.0,0.0,1.0,0.0,8.0,2.0,2.0,0.0,9.5,8.0,39.0,0.5,0.0,5.5,0.0
2024-12-23,0.0,0.0,2.0,0.0,28.5,0.0,0.0,104.5,0.0,1.0,0.0,0.0,0.0,4.0,2.0,0.0,0.0,13.5,5.5,0.0,0.0,4.5,1.0,0.0,2.5,0.0,0.0,9.0,0.5,2.5,0.0,11.0,9.0,35.0,0.0,0.0,0.0,0.0
2024-12-24,0.0,0.0,2.0,0.0,29.0,0.0,0.0,94.5,0.0,0.5,3.0,0.0,0.0,0.0,2.0,0.0,0.5,18.5,6.5,0.0,0.0,2.0,0.0,0.0,5.0,0.0,0.5,17.5,0.0,0.0,0.0,8.0,2.5,33.5,4.0,0.0,3.5,0.0
2024-12-25,0.0,0.0,1.5,0.0,11.0,0.0,6.5,96.0,0.0,0.5,0.0,0.0,0.0,0.0,0.5,0.0,0.5,14.5,1.0,0.0,0.0,9.0,0.0,5.5,0.0,0.0,1.0,15.5,0.0,0.0,0.0,10.5,1.5,31.0,0.5,0.0,9.0,0.0
2024-12-26,0.0,0.0,6.0,0.0,28.0,0.0,2.0,111.0,0.0,0.0,0.0,0.0,0.0,0.0,1.0,0.0,0.5,24.0,0.5,0.0,0.0,10.5,0.0,2.0,0.0,1.0,0.0,1.5,1.5,0.0,0.0,9.0,2.5,33.5,0.5,0.0,6.0,0.0
2024-12-27,0.0,0.0,2.5,0.0,32.0,0.0,2.0,100.0,0.5,0.0,8.0,0.0,0.0,0.0,2.0,0.0,0.5,11.5,3.5,0.0,0.0,1.0,0.5,3.5,0.0,0.0,0.0,0.0,0.0,0.0,0.0,7.0,3.5,28.5,1.0,0.0,0.0,0.0
2024-12-28,0.0,0.0,0.5,0.0,30.0,0.0,0.0,87.0,0.0,0.0,7.0,0.0,0.0,2.5,0.0,0.0,0.0,17.5,2.0,0.0,0.0,0.0,2.5,0.0,0.0,4.0,0.0,0.0,0.0,0.0,0.0,12.5,2.5,28.5,0.5,0.0,0.0,0.0
2024-12-29,0.0,0.0,1.0,0.0,22.5,0.0,9.0,104.5,0.0,0.0,0.0,0.0,0.0,2.0,0.0,0.0,0.5,14.0,2.5,0.0,0.0,3.5,0.5,0.5,1.0,0.0,0.0,7.75,0.0,0.0,0.0,7.5,2.0,29.5,0.5,0.0,0.0,0.0
2024-12-30,0.0,0.0,0.0,0.0,25.5,0.0,0.0,101.0,0.0,0.0,2.5,0.0,0.0,0.5,5.0,0.0,0.5,16.0,3.0,0.0,0.0,7.0,0.0,1.5,2.0,0.0,0.0,0.0,2.5,0.0,0.0,7.0,1.5,30.0,1.5,0.0,0.0,0.0
2024-12-31,0.0,0.0,0.5,0.5,36.0,0.0,0.0,86.0,0.0,0.0,0.0,0.0,0.0,5.0,0.5,0.0,0.5,13.0,0.0,2.0,0.0,1.5,2.5,0.0,0.0,0.0,0.0,1.0,1.0,0.0,0.0,7.0,4.0,26.0,0.5,0.0,1.5,0.0
