station_code,service_area_id
HAC2,1768fbc6-9746-4852-b776-066465fadb20
HAC2,1768fbc6-9746-4852-b776-066465fadb20
HAC3,0d1be5f0-c7aa-42e3-9696-6c515aca630a
HAC3,0d1be5f0-c7aa-42e3-9696-6c515aca630a
HAC5,c8e72889-8ef5-4306-bf78-e4d45f475d8a
HAC5,c8e72889-8ef5-4306-bf78-e4d45f475d8a
HAC5,c8e72889-8ef5-4306-bf78-e4d45f475d8a
HAC6,1cbad3e4-8afa-4f4f-8a30-0f5bb33dd78a
HAC6,1cbad3e4-8afa-4f4f-8a30-0f5bb33dd78a
HCB1,a55f8b91-ef0c-4585-8e1e-dd6a4030a344
HCB1,a55f8b91-ef0c-4585-8e1e-dd6a4030a344
HEJ2,1b4027c8-1ad1-419d-9e51-419e81e1bc39
HEJ2,1b4027c8-1ad1-419d-9e51-419e81e1bc39
HEJ3,bdf692ca-ee22-449e-925d-5459393fca64
HEJ3,bdf692ca-ee22-449e-925d-5459393fca64
HEJ4,c9077865-354e-4a1c-ae33-b4b7acb76f6b
HEJ4,c9077865-354e-4a1c-ae33-b4b7acb76f6b
HEJ7,9e4c0af0-d007-480b-a19f-8e139aba631f
HEJ7,9e4c0af0-d007-480b-a19f-8e139aba631f
HFK1,1bdaeaca-e6b0-49fd-9f4a-7f4305a222dd
HFK1,1bdaeaca-e6b0-49fd-9f4a-7f4305a222dd
HHK1,76271ed7-b732-42d0-8e5f-b72970ab1468
HHK1,76271ed7-b732-42d0-8e5f-b72970ab1468
HHY1,d77c11d5-62b0-4e3c-ba79-ea6a0af2836d
HHY1,d77c11d5-62b0-4e3c-ba79-ea6a0af2836d
HKN1,37fa691b-3599-4262-ba1b-76ff3af08c37
HKN1,37fa691b-3599-4262-ba1b-76ff3af08c37
HKN8,71f01dbb-891e-4498-84f8-284b04d20073
HKN8,71f01dbb-891e-4498-84f8-284b04d20073
HKN9,e768b345-261e-4d29-ae92-5ddff6e81ba0
HKN9,e768b345-261e-4d29-ae92-5ddff6e81ba0
HMG1,f19a7b92-b34b-427c-a222-d14d0b55385a
HMG1,f19a7b92-b34b-427c-a222-d14d0b55385a
HMG1,f19a7b92-b34b-427c-a222-d14d0b55385a
HMG2,0dc186fc-147b-46c1-8520-a2cfabef417f
HMG2,0dc186fc-147b-46c1-8520-a2cfabef417f
HMJ1,4b819f1f-a705-42f3-949e-dd540883f80a
HMJ1,4b819f1f-a705-42f3-949e-dd540883f80a
HMJ3,15a9327d-c97e-451d-9d4b-feb45a034238
HMJ3,15a9327d-c97e-451d-9d4b-feb45a034238
HST2,3c50a309-d0ab-4433-b263-a9c9d695e069
HST2,3c50a309-d0ab-4433-b263-a9c9d695e069
HST4,9123d2e1-7a65-4b33-9a75-dec3ec4a8b9e
HST4,9123d2e1-7a65-4b33-9a75-dec3ec4a8b9e
HST6,fdb8e528-c886-4988-ad75-5dce9fcc0466
HST6,fdb8e528-c886-4988-ad75-5dce9fcc0466
HST8,824629e9-1d04-490d-a96b-f804f20d2e81
HST8,824629e9-1d04-490d-a96b-f804f20d2e81
HTY4,3cb72607-0a84-4d56-84ce-6890c2f81ebf
HTY4,3cb72607-0a84-4d56-84ce-6890c2f81ebf
HTY4,3cb72607-0a84-4d56-84ce-6890c2f81ebf
HTY4,3cb72607-0a84-4d56-84ce-6890c2f81ebf
HTY9,d09bb00d-9573-4a5d-8da0-ea87bbcc3ab0
HTY9,d09bb00d-9573-4a5d-8da0-ea87bbcc3ab0
HTY9,d09bb00d-9573-4a5d-8da0-ea87bbcc3ab0
HTY9,d09bb00d-9573-4a5d-8da0-ea87bbcc3ab0
HWJ1,3d49dc24-f1a5-4e54-afee-72df4ce6cb82
HWJ1,3d49dc24-f1a5-4e54-afee-72df4ce6cb82
HWJ2,9d894a6c-a662-4408-93d8-15084e931f85
HWJ2,9d894a6c-a662-4408-93d8-15084e931f85
HWJ5,a5db38ae-fd98-4e65-a1bb-8a95238db833
HWJ5,a5db38ae-fd98-4e65-a1bb-8a95238db833
DCJ1,94a4cdee-bfc8-4347-8bee-2df0295f0910
DCJ1,94a4cdee-bfc8-4347-8bee-2df0295f0910
DCJ1,94a4cdee-bfc8-4347-8bee-2df0295f0910
DCJ1,94a4cdee-bfc8-4347-8bee-2df0295f0910
DCJ1,94a4cdee-bfc8-4347-8bee-2df0295f0910
OCJ1,3f927836-fa6e-499a-b653-bccc904f1bf5
OCJ1,3f927836-fa6e-499a-b653-bccc904f1bf5
OCJ2,d0335ca8-4629-4968-a456-198f6f8788c3
OCJ2,d0335ca8-4629-4968-a456-198f6f8788c3
OCJ3,ff86ad37-2dd7-4a46-9f09-d8ca77df800f
OCJ3,ff86ad37-2dd7-4a46-9f09-d8ca77df800f
OCJ4,819fae7a-cb02-44c2-a66b-6dfa0e502e8f
OCJ4,819fae7a-cb02-44c2-a66b-6dfa0e502e8f
OWJO,d53b4a2b-cf28-4f7e-b927-fea3009b1921
OWJO,d53b4a2b-cf28-4f7e-b927-fea3009b1921
PCJ2,75d6782a-f9f6-4558-b13a-e71720733bbb
DOO1,3f2f0269-4515-46b9-b6cb-17a21efee7c2
DOO1,3f2f0269-4515-46b9-b6cb-17a21efee7c2
DOO1,3f2f0269-4515-46b9-b6cb-17a21efee7c2
DOO1,3f2f0269-4515-46b9-b6cb-17a21efee7c2
OOOF,38ec882d-2122-4e12-90b6-2900d6cb3fb1
OOOF,38ec882d-2122-4e12-90b6-2900d6cb3fb1
OOOJ,e7da3285-4883-4bd0-a0cc-7a946e1f1090
OOOJ,e7da3285-4883-4bd0-a0cc-7a946e1f1090
OWJK,f361d472-8cca-4e5f-94aa-e2547c90660f
OWJK,f361d472-8cca-4e5f-94aa-e2547c90660f
DOO2,15b5584e-1c8d-463f-8a4a-bd2363bba18f
DOO2,15b5584e-1c8d-463f-8a4a-bd2363bba18f
DOO2,15b5584e-1c8d-463f-8a4a-bd2363bba18f
DOO2,15b5584e-1c8d-463f-8a4a-bd2363bba18f
DOO2,15b5584e-1c8d-463f-8a4a-bd2363bba18f
DOO2,15b5584e-1c8d-463f-8a4a-bd2363bba18f
DOO2,15b5584e-1c8d-463f-8a4a-bd2363bba18f
OOOD,d3e3ce19-5c73-4bca-b063-88b462896df8
OOOD,d3e3ce19-5c73-4bca-b063-88b462896df8
OOOL,418e2c8e-d21c-4965-ad08-ef242173d98d
OOOL,418e2c8e-d21c-4965-ad08-ef242173d98d
DOO3,cc56da96-1cf0-4e9d-ab9b-e0a24613803f
DOO3,cc56da96-1cf0-4e9d-ab9b-e0a24613803f
DOO3,cc56da96-1cf0-4e9d-ab9b-e0a24613803f
DOO3,cc56da96-1cf0-4e9d-ab9b-e0a24613803f
OOOM,e74b1813-6749-46e8-8a03-2e78bb88af8e
OOOM,e74b1813-6749-46e8-8a03-2e78bb88af8e
OOOS,e43f00ca-06f9-4ee2-b8d5-58a10c4cfbed
OOOS,e43f00ca-06f9-4ee2-b8d5-58a10c4cfbed
DOO4,786f02db-9c33-45be-9fee-067dde027e93
DOO4,786f02db-9c33-45be-9fee-067dde027e93
DOO4,786f02db-9c33-45be-9fee-067dde027e93
DOO4,786f02db-9c33-45be-9fee-067dde027e93
DOO4,786f02db-9c33-45be-9fee-067dde027e93
OWJ2,d3b50969-1d2c-43e7-a4d3-3fbc281d1e92
OWJ2,d3b50969-1d2c-43e7-a4d3-3fbc281d1e92
OWJ3,ab43a126-00a0-45eb-8bba-d7b3f7edc378
OWJ3,ab43a126-00a0-45eb-8bba-d7b3f7edc378
OWJ4,5f91f814-52ce-492d-9202-2bdf9c05a753
OWJ4,5f91f814-52ce-492d-9202-2bdf9c05a753
OWJD,b9e93b39-59d8-4815-8e14-84e229a4913d
OWJD,b9e93b39-59d8-4815-8e14-84e229a4913d
OWJE,90d9544c-d1f5-4065-a0b5-7822f6038f07
OWJE,90d9544c-d1f5-4065-a0b5-7822f6038f07
OWJE,90d9544c-d1f5-4065-a0b5-7822f6038f07
OWJE,90d9544c-d1f5-4065-a0b5-7822f6038f07
OWJP,58b5a3e0-11fb-494a-9f54-9dc88d70cc19
OWJP,58b5a3e0-11fb-494a-9f54-9dc88d70cc19
OWJP,58b5a3e0-11fb-494a-9f54-9dc88d70cc19
JLB3,93cadf83-9c79-4888-9b33-17b47378b577
JLB3,93cadf83-9c79-4888-9b33-17b47378b577
JLB7,37c4e595-a471-41c4-9ea4-648558981796
JLB7,37c4e595-a471-41c4-9ea4-648558981796
JLC1,de22bc32-1b96-40e9-ac20-0f8b0fd6fcb4
JLC1,de22bc32-1b96-40e9-ac20-0f8b0fd6fcb4
JLC7,9e7ce4d8-599a-44fb-8d9e-d69346ff933c
JLC7,9e7ce4d8-599a-44fb-8d9e-d69346ff933c
JLD9,0b241e4a-1858-4278-bcf0-f492c4e87199
JLD9,0b241e4a-1858-4278-bcf0-f492c4e87199
DEJ5,ca982ae8-45ca-4735-b439-c29bd2b9bd21
DEJ5,ca982ae8-45ca-4735-b439-c29bd2b9bd21
DEJ5,ca982ae8-45ca-4735-b439-c29bd2b9bd21
DEJ5,ca982ae8-45ca-4735-b439-c29bd2b9bd21
DEJ5,ca982ae8-45ca-4735-b439-c29bd2b9bd21
DEJ5,ca982ae8-45ca-4735-b439-c29bd2b9bd21
DEJ8,0cb2d63a-fea4-4267-9e74-c4317bdbdfb3
DEJ8,0cb2d63a-fea4-4267-9e74-c4317bdbdfb3
DEJ8,0cb2d63a-fea4-4267-9e74-c4317bdbdfb3
DEJ8,0cb2d63a-fea4-4267-9e74-c4317bdbdfb3
DEJ8,0cb2d63a-fea4-4267-9e74-c4317bdbdfb3
PEJ1,468c4eaf-f67e-4aef-b164-117cd4be1d6a
PEJ1,468c4eaf-f67e-4aef-b164-117cd4be1d6a
PEJ2,93bdf769-7057-4d56-8dfa-2b69864c04a6
PEJ2,93bdf769-7057-4d56-8dfa-2b69864c04a6
PEJ3,2eb5db5e-778f-49ec-a51a-db12c195ea90
PEJ3,2eb5db5e-778f-49ec-a51a-db12c195ea90
PEJ4,a3c360cc-ce30-48cc-9744-73071d9c39f8
PEJ4,a3c360cc-ce30-48cc-9744-73071d9c39f8
PEJ5,4a435088-5ac4-4018-ac82-7e01f9c57197
PEJ5,4a435088-5ac4-4018-ac82-7e01f9c57197
DKJ1,b05651e7-a12f-4469-9479-163ebb25779e
DKJ1,b05651e7-a12f-4469-9479-163ebb25779e
DKJ1,b05651e7-a12f-4469-9479-163ebb25779e
DKJ1,b05651e7-a12f-4469-9479-163ebb25779e
DKJ1,b05651e7-a12f-4469-9479-163ebb25779e
DKJ5,432098d2-611a-4306-b9bb-249fbd1b618c
DKJ5,432098d2-611a-4306-b9bb-249fbd1b618c
DKJ5,432098d2-611a-4306-b9bb-249fbd1b618c
PEJD,a6b1fd2b-39d2-4064-81d9-da8431e1c136
PEJD,a6b1fd2b-39d2-4064-81d9-da8431e1c136
JAF2,7076bab7-31eb-40ce-b3fd-000691dfdd57
JAF2,7076bab7-31eb-40ce-b3fd-000691dfdd57
JAF5,5d676ffc-32f1-458c-b2dc-2010b9376d06
JAF5,5d676ffc-32f1-458c-b2dc-2010b9376d06
JAG2,e1a05c1b-5689-4c7d-9446-fad83f277477
JAG2,e1a05c1b-5689-4c7d-9446-fad83f277477
JBB8,3a0aa760-60ad-4c67-8758-7932924079aa
JBB8,3a0aa760-60ad-4c67-8758-7932924079aa
JBF8,a8ea0d1f-6538-40cb-8e28-c5d8eca080da
JBF8,a8ea0d1f-6538-40cb-8e28-c5d8eca080da
JBG6,b4f2e771-7137-4854-bd31-2cff12a26129
JBG6,b4f2e771-7137-4854-bd31-2cff12a26129
JLE2,c9c61759-a9bd-49cc-8115-ff3e448ef9ec
JLE2,c9c61759-a9bd-49cc-8115-ff3e448ef9ec
JLF5,ef51b76f-f31b-43cd-a4e4-b3111a78d952
JLF5,ef51b76f-f31b-43cd-a4e4-b3111a78d952
MEJ1,fa00bc2b-67f9-4c99-a8c3-07390c29c132
MEJ1,fa00bc2b-67f9-4c99-a8c3-07390c29c132
MEJ1,fa00bc2b-67f9-4c99-a8c3-07390c29c132
MEJ8,f22f9db5-360c-41b8-b86b-5b9e8d166737
MEJ8,f22f9db5-360c-41b8-b86b-5b9e8d166737
MEJ8,f22f9db5-360c-41b8-b86b-5b9e8d166737
MEJ8,f22f9db5-360c-41b8-b86b-5b9e8d166737
DAI1,b3a55f49-bb47-4ea3-b862-15573f001cb2
DAI1,b3a55f49-bb47-4ea3-b862-15573f001cb2
DAI1,b3a55f49-bb47-4ea3-b862-15573f001cb2
OCJ5,4891c74e-bc70-4055-8987-04846dd94bd7
OCJ5,4891c74e-bc70-4055-8987-04846dd94bd7
ONGA,307ef0d7-3147-456c-b184-34e8e5ffa7ae
ONGD,3cf5af5a-d6f7-4318-b2d4-86861d0b72ac
ONGD,3cf5af5a-d6f7-4318-b2d4-86861d0b72ac
DCJ3,2fde8664-eb33-4c2c-a406-532fd037b810
DCJ3,2fde8664-eb33-4c2c-a406-532fd037b810
DCJ3,2fde8664-eb33-4c2c-a406-532fd037b810
DCJ3,2fde8664-eb33-4c2c-a406-532fd037b810
DCJ3,2fde8664-eb33-4c2c-a406-532fd037b810
OCJ9,5730fe55-e085-47b0-9d90-368a2f262ccb
OCJ9,5730fe55-e085-47b0-9d90-368a2f262ccb
DCJ4,3aff95c8-bb13-4a87-96d9-aff06b9b205f
DCJ4,3aff95c8-bb13-4a87-96d9-aff06b9b205f
DCJ4,3aff95c8-bb13-4a87-96d9-aff06b9b205f
DCJ4,3aff95c8-bb13-4a87-96d9-aff06b9b205f
DCJ4,3aff95c8-bb13-4a87-96d9-aff06b9b205f
DCJ4,3aff95c8-bb13-4a87-96d9-aff06b9b205f
OCJ6,7e973a5c-6540-475c-8629-1045639f6982
OCJ6,7e973a5c-6540-475c-8629-1045639f6982
OCJ7,cb1ccc79-0dd8-4e8e-a1de-1f709007424f
OCJ7,cb1ccc79-0dd8-4e8e-a1de-1f709007424f
ONG6,bcc45cff-7379-4603-bbe9-193c141d2d96
ONG6,bcc45cff-7379-4603-bbe9-193c141d2d96
JEA5,df69be21-d5cc-4b60-8fd7-04d26198853e
JEA5,df69be21-d5cc-4b60-8fd7-04d26198853e
JEC2,3b256365-cb05-4213-98c8-a60921fa83c4
JEC2,3b256365-cb05-4213-98c8-a60921fa83c4
JKB3,061aedf3-f0d0-4277-b19f-0508b398ff47
JKB3,061aedf3-f0d0-4277-b19f-0508b398ff47
JMA2,eaf81d81-f857-4681-9941-8e0bb6a4aa1c
JMA2,eaf81d81-f857-4681-9941-8e0bb6a4aa1c
MCJ2,4382c9fc-8400-4dcf-a6f4-2b5c7a7ce05a
MCJ2,4382c9fc-8400-4dcf-a6f4-2b5c7a7ce05a
MCJ2,4382c9fc-8400-4dcf-a6f4-2b5c7a7ce05a
MCJ7,078a3314-4b4d-4481-b512-fe97878bbd01
MCJ7,078a3314-4b4d-4481-b512-fe97878bbd01
MCJ7,078a3314-4b4d-4481-b512-fe97878bbd01
MCJ8,51c33fc9-ad2b-4b32-851d-8570f8fd4f25
MCJ8,51c33fc9-ad2b-4b32-851d-8570f8fd4f25
DTK1,1d0075ee-ec09-4c66-83f3-f3b9a8aa9cf3
DTK1,1d0075ee-ec09-4c66-83f3-f3b9a8aa9cf3
DTK1,1d0075ee-ec09-4c66-83f3-f3b9a8aa9cf3
DTK1,1d0075ee-ec09-4c66-83f3-f3b9a8aa9cf3
DTK1,1d0075ee-ec09-4c66-83f3-f3b9a8aa9cf3
DTK1,1d0075ee-ec09-4c66-83f3-f3b9a8aa9cf3
DTK1,1d0075ee-ec09-4c66-83f3-f3b9a8aa9cf3
PTKJ,1b01d473-fd64-4152-a546-b2b09f84eba3
PTKJ,1b01d473-fd64-4152-a546-b2b09f84eba3
PTKM,bb0501bb-5865-4a0e-a1b5-55c57d64f438
PTKM,bb0501bb-5865-4a0e-a1b5-55c57d64f438
DTK3,1395af67-471a-4287-bcec-7d7c3303260b
DTK3,1395af67-471a-4287-bcec-7d7c3303260b
DTK3,1395af67-471a-4287-bcec-7d7c3303260b
DTK3,1395af67-471a-4287-bcec-7d7c3303260b
DTK3,1395af67-471a-4287-bcec-7d7c3303260b
OTKO,0042ec5e-f298-40a5-b6cd-81949f096825
OTKO,0042ec5e-f298-40a5-b6cd-81949f096825
OTKO,0042ec5e-f298-40a5-b6cd-81949f096825
PTK8,d2b0537b-f38c-4c4b-b38a-a7f90b543567
PTK8,d2b0537b-f38c-4c4b-b38a-a7f90b543567
DTK4,3c3baeda-e6d7-424b-ab84-dd8fb2e1489b
DTK4,3c3baeda-e6d7-424b-ab84-dd8fb2e1489b
DTK4,3c3baeda-e6d7-424b-ab84-dd8fb2e1489b
DTK4,3c3baeda-e6d7-424b-ab84-dd8fb2e1489b
OTK5,bfafab60-7c2d-4088-9d1c-2ad2b7259f18
OTK5,bfafab60-7c2d-4088-9d1c-2ad2b7259f18
PTKH,c5c3422c-710d-4d7a-bb19-6e9c6644cff7
PTKH,c5c3422c-710d-4d7a-bb19-6e9c6644cff7
PTKH,c5c3422c-710d-4d7a-bb19-6e9c6644cff7
DTK6,e0139fd4-3cac-49fe-a193-73c460f05a92
DTK6,e0139fd4-3cac-49fe-a193-73c460f05a92
OTK7,8bac7a96-786f-41ef-97e8-3caba3631bb7
OTK7,8bac7a96-786f-41ef-97e8-3caba3631bb7
OTKY,cd8e70ef-6569-4676-aa5d-fcba363c4c28
OTKY,cd8e70ef-6569-4676-aa5d-fcba363c4c28
PTK1,c564d4ae-26a1-41fa-b436-03c8c35d8d89
PTK1,c564d4ae-26a1-41fa-b436-03c8c35d8d89
PTK1,c564d4ae-26a1-41fa-b436-03c8c35d8d89
PTK2,add40db1-dbeb-476c-9bdd-957a26575aa4
PTK2,add40db1-dbeb-476c-9bdd-957a26575aa4
PTK2,add40db1-dbeb-476c-9bdd-957a26575aa4
PTK3,02a2bf90-8916-4b8f-97a8-220b443f8515
PTK3,02a2bf90-8916-4b8f-97a8-220b443f8515
PTK3,02a2bf90-8916-4b8f-97a8-220b443f8515
PTK4,bf8c4b47-f559-43b0-9675-5b7d87d65dcf
PTK4,bf8c4b47-f559-43b0-9675-5b7d87d65dcf
PTK9,5cedb550-fbec-4e14-8c8e-04789e01adec
PTK9,5cedb550-fbec-4e14-8c8e-04789e01adec
PTK9,5cedb550-fbec-4e14-8c8e-04789e01adec
PTKE,4526bd04-0d95-4918-8d96-d26f5a479453
PTKE,4526bd04-0d95-4918-8d96-d26f5a479453
PTKX,b346f4d9-67c5-4113-b1ff-a3ac89abfc14
PTKX,b346f4d9-67c5-4113-b1ff-a3ac89abfc14
DTK7,7c4e220a-b724-40f7-8ccb-836a38c4a376
DTK7,7c4e220a-b724-40f7-8ccb-836a38c4a376
DTK7,7c4e220a-b724-40f7-8ccb-836a38c4a376
DTK7,7c4e220a-b724-40f7-8ccb-836a38c4a376
DTK7,7c4e220a-b724-40f7-8ccb-836a38c4a376
DTK7,7c4e220a-b724-40f7-8ccb-836a38c4a376
JBG2,dbff5efb-aa67-408e-bf85-a4b698058de3
JBG2,dbff5efb-aa67-408e-bf85-a4b698058de3
JKA6,b97f4323-b659-475e-afbf-924f72d1bb28
JKA6,b97f4323-b659-475e-afbf-924f72d1bb28
JLC4,d05c0ab9-85eb-4543-9388-e2a87c1353a5
JLC4,d05c0ab9-85eb-4543-9388-e2a87c1353a5
JLD4,5355ab25-a28e-4e47-af0f-212675234bbf
JLD4,5355ab25-a28e-4e47-af0f-212675234bbf
JLH6,de274d4e-f586-44d6-8716-0dc6ce739500
JLH6,de274d4e-f586-44d6-8716-0dc6ce739500
VIT1,550c5816-ff49-44b8-9776-4ce3e376e62d
VIT1,550c5816-ff49-44b8-9776-4ce3e376e62d
VSJ1,a5723567-d1c6-4874-918c-cf82c14e9375
DEJ6,ba14f694-ccfd-465f-81cc-94533ea1ca4e
DEJ6,ba14f694-ccfd-465f-81cc-94533ea1ca4e
DEJ6,ba14f694-ccfd-465f-81cc-94533ea1ca4e
DEJ6,ba14f694-ccfd-465f-81cc-94533ea1ca4e
DEJ6,ba14f694-ccfd-465f-81cc-94533ea1ca4e
DEJ6,ba14f694-ccfd-465f-81cc-94533ea1ca4e
DEJ6,ba14f694-ccfd-465f-81cc-94533ea1ca4e
DEJ6,ba14f694-ccfd-465f-81cc-94533ea1ca4e
DEJ6,ba14f694-ccfd-465f-81cc-94533ea1ca4e
PTK5,617650a0-6cbd-4da5-b803-caa7f9e651b4
PTK5,617650a0-6cbd-4da5-b803-caa7f9e651b4
DEJ9,6c267ad3-0201-4bf6-8905-9d3c1bf736b1
DEJ9,6c267ad3-0201-4bf6-8905-9d3c1bf736b1
DEJ9,6c267ad3-0201-4bf6-8905-9d3c1bf736b1
DEJ9,6c267ad3-0201-4bf6-8905-9d3c1bf736b1
DEJ9,6c267ad3-0201-4bf6-8905-9d3c1bf736b1
OEJT,ff067663-3d95-4fdc-b6f6-1ada214a837e
OEJT,ff067663-3d95-4fdc-b6f6-1ada214a837e
OEJU,a0439440-f1d8-47a8-bfa1-f28ca7e1189c
OEJU,a0439440-f1d8-47a8-bfa1-f28ca7e1189c
OEJW,359ad6d6-5319-420e-839f-a892c1eef9a7
OEJW,359ad6d6-5319-420e-839f-a892c1eef9a7
OEJX,6a99db6d-34fb-4cae-b22e-d0a24df9269c
OEJX,6a99db6d-34fb-4cae-b22e-d0a24df9269c
OEJX,6a99db6d-34fb-4cae-b22e-d0a24df9269c
DOW2,41ac1005-1059-4dfe-ad97-a9e8a759820f
DOW2,41ac1005-1059-4dfe-ad97-a9e8a759820f
DOW2,41ac1005-1059-4dfe-ad97-a9e8a759820f
OOW1,729e869e-0e78-4cb7-aa60-d09f50d4aa7c
OOW1,729e869e-0e78-4cb7-aa60-d09f50d4aa7c
OOW3,6bc97676-ee0e-4d92-a500-d337bec70da1
OOW3,6bc97676-ee0e-4d92-a500-d337bec70da1
DTK5,f9cac106-463a-401f-8f26-1144d9c3999e
DTK5,f9cac106-463a-401f-8f26-1144d9c3999e
DTK5,f9cac106-463a-401f-8f26-1144d9c3999e
DTK5,f9cac106-463a-401f-8f26-1144d9c3999e
DTK5,f9cac106-463a-401f-8f26-1144d9c3999e
DTK5,f9cac106-463a-401f-8f26-1144d9c3999e
DTK5,f9cac106-463a-401f-8f26-1144d9c3999e
OEJH,a4d74334-20d3-4279-b463-9da78527d6bc
OEJH,a4d74334-20d3-4279-b463-9da78527d6bc
OEJH,a4d74334-20d3-4279-b463-9da78527d6bc
OTKS,7e8377fa-f118-41de-b1b7-583439ff75c8
OTKS,7e8377fa-f118-41de-b1b7-583439ff75c8
DTK8,889b6ea0-e443-44fe-aafa-fddcf0b701b4
DTK8,889b6ea0-e443-44fe-aafa-fddcf0b701b4
DTK8,889b6ea0-e443-44fe-aafa-fddcf0b701b4
DTK8,889b6ea0-e443-44fe-aafa-fddcf0b701b4
DTK8,889b6ea0-e443-44fe-aafa-fddcf0b701b4
DTK8,889b6ea0-e443-44fe-aafa-fddcf0b701b4
DTK8,889b6ea0-e443-44fe-aafa-fddcf0b701b4
PEJ6,e728a783-fdcd-4eea-a86c-a589ca02e074
PEJ6,e728a783-fdcd-4eea-a86c-a589ca02e074
JHA9,dc0ae190-1d9a-4977-8f1a-8110d3d4ce96
JHA9,dc0ae190-1d9a-4977-8f1a-8110d3d4ce96
MCJ6,1a02b1c6-2667-4225-9fb8-58c226392067
MCJ6,1a02b1c6-2667-4225-9fb8-58c226392067
VOW1,35de60d0-8a03-4fb5-9ec4-3b7ecdb01429
DWJ1,85d7b491-9d83-41ca-b99d-b23bbd0d74c6
DWJ1,85d7b491-9d83-41ca-b99d-b23bbd0d74c6
DWJ1,85d7b491-9d83-41ca-b99d-b23bbd0d74c6
DWJ1,85d7b491-9d83-41ca-b99d-b23bbd0d74c6
DWJ1,85d7b491-9d83-41ca-b99d-b23bbd0d74c6
DWJ1,85d7b491-9d83-41ca-b99d-b23bbd0d74c6
OWJH,08aae9b1-88d1-4abf-803c-917854a6d7b8
OWJH,08aae9b1-88d1-4abf-803c-917854a6d7b8
OWJJ,af5d6211-6f71-4b2a-a0dd-b9142ada1629
OWJJ,af5d6211-6f71-4b2a-a0dd-b9142ada1629
OWJJ,af5d6211-6f71-4b2a-a0dd-b9142ada1629
OWJL,ea9569a8-e80b-442c-a73b-b244c033c3cc
OWJL,ea9569a8-e80b-442c-a73b-b244c033c3cc
OWJL,ea9569a8-e80b-442c-a73b-b244c033c3cc
DWJ3,21303578-7d65-4662-b7e9-cff28863abc5
DWJ3,21303578-7d65-4662-b7e9-cff28863abc5
DWJ3,21303578-7d65-4662-b7e9-cff28863abc5
DWJ3,21303578-7d65-4662-b7e9-cff28863abc5
DWJ3,21303578-7d65-4662-b7e9-cff28863abc5
OOO7,2bcf57a1-ba44-4949-8518-42d68c328e0e
OOO7,2bcf57a1-ba44-4949-8518-42d68c328e0e
OOO7,2bcf57a1-ba44-4949-8518-42d68c328e0e
OOO8,20bc0c87-e7f1-4fc7-ab55-ad122f674cb4
OOO8,20bc0c87-e7f1-4fc7-ab55-ad122f674cb4
OOO9,982f1f64-987a-4c62-9d95-1816faa38ee9
OOO9,982f1f64-987a-4c62-9d95-1816faa38ee9
OWJB,7c266549-6b13-404f-be03-c9cc3b5d3c42
OWJB,7c266549-6b13-404f-be03-c9cc3b5d3c42
OWJM,8f3c82ed-0717-4ca9-aedf-6589b2943e24
OWJM,8f3c82ed-0717-4ca9-aedf-6589b2943e24
DWJ4,85fef29e-2d31-4cc1-b6b6-b3db82d95290
DWJ4,85fef29e-2d31-4cc1-b6b6-b3db82d95290
DWJ4,85fef29e-2d31-4cc1-b6b6-b3db82d95290
JKB5,18ee062c-a292-4678-b167-63676c866602
JKB5,18ee062c-a292-4678-b167-63676c866602
JKB6,b5673d08-e750-48eb-9f50-e8f624a42b06
JKB6,b5673d08-e750-48eb-9f50-e8f624a42b06
JLB2,ddf1c2ec-20c2-43d0-88a2-71adac7b1f45
JLB2,ddf1c2ec-20c2-43d0-88a2-71adac7b1f45
JLB4,83470f8d-6344-4f6d-b2b8-7408698a8be9
JLB4,83470f8d-6344-4f6d-b2b8-7408698a8be9
JLB6,946af397-1cf4-4eeb-881e-68e0de41b49a
JLB6,946af397-1cf4-4eeb-881e-68e0de41b49a
JLD8,b0ca1208-cfa4-4e52-907f-4845e000ec0b
JLD8,b0ca1208-cfa4-4e52-907f-4845e000ec0b
JLH1,64fc2e6a-bf7d-4e5f-b9c6-464289daa809
JLH1,64fc2e6a-bf7d-4e5f-b9c6-464289daa809
MKG1,222070a2-6f48-48d8-b83d-14a32b5ba455
MKG1,222070a2-6f48-48d8-b83d-14a32b5ba455
MKG2,70d8ddb0-5235-4da6-90d0-41c0b1a0db70
MKG2,70d8ddb0-5235-4da6-90d0-41c0b1a0db70
MKG3,1d0987d5-f90e-4d70-ab69-72b2326e8e9e
MKG3,1d0987d5-f90e-4d70-ab69-72b2326e8e9e
MKG4,09bf3475-261d-4167-9cfb-02afd1bf24a5
MKG4,09bf3475-261d-4167-9cfb-02afd1bf24a5
DFK1,4a2b115e-34d3-4836-b841-049a67247e59
DFK1,4a2b115e-34d3-4836-b841-049a67247e59
DFK1,4a2b115e-34d3-4836-b841-049a67247e59
DFK1,4a2b115e-34d3-4836-b841-049a67247e59
DFK1,4a2b115e-34d3-4836-b841-049a67247e59
DFK2,fd1ee245-da92-4c42-a06a-8fdcdf16e3a8
DFK2,fd1ee245-da92-4c42-a06a-8fdcdf16e3a8
DFK2,fd1ee245-da92-4c42-a06a-8fdcdf16e3a8
DFK2,fd1ee245-da92-4c42-a06a-8fdcdf16e3a8
DFK2,fd1ee245-da92-4c42-a06a-8fdcdf16e3a8
OFK3,4b1373ef-71d3-4239-98e1-4d7fafc93877
OFK3,4b1373ef-71d3-4239-98e1-4d7fafc93877
OFK3,4b1373ef-71d3-4239-98e1-4d7fafc93877
OFK4,cd5dcc48-6dba-409e-9173-5405dcd56c1f
OFK4,cd5dcc48-6dba-409e-9173-5405dcd56c1f
OFK5,41cf3aa7-3445-4991-bfad-901aefb5ac2e
OFK5,41cf3aa7-3445-4991-bfad-901aefb5ac2e
OFK6,3097c9ab-3a0b-481e-af9e-cb26b58f3975
OFK6,3097c9ab-3a0b-481e-af9e-cb26b58f3975
OFK7,241fed0e-ec48-4c01-9a62-885a76306f49
OFK7,241fed0e-ec48-4c01-9a62-885a76306f49
DFK3,a0efac5b-62cc-4851-bd36-916d60cf28eb
OHRE,ceaaab69-94e0-44bc-908c-98b54c49413f
DFK4,cfcc42ac-afb0-4d8b-b3d3-3f394256a1b9
DFK4,cfcc42ac-afb0-4d8b-b3d3-3f394256a1b9
DFK4,cfcc42ac-afb0-4d8b-b3d3-3f394256a1b9
DFK5,e0de3453-89ca-4961-8f74-5980f5579fbf
DFK5,e0de3453-89ca-4961-8f74-5980f5579fbf
DFK5,e0de3453-89ca-4961-8f74-5980f5579fbf
DFK5,e0de3453-89ca-4961-8f74-5980f5579fbf
OFK8,9c3143b2-9d73-45e4-8f4a-a77f9598d078
OFK8,9c3143b2-9d73-45e4-8f4a-a77f9598d078
OFK9,96029db4-7254-4aa8-938c-a916d70615ae
OFK9,96029db4-7254-4aa8-938c-a916d70615ae
OFK9,96029db4-7254-4aa8-938c-a916d70615ae
DHR1,9c92f3b3-b26d-437e-bb2f-0bc59d516930
DHR1,9c92f3b3-b26d-437e-bb2f-0bc59d516930
DHR1,9c92f3b3-b26d-437e-bb2f-0bc59d516930
DHR1,9c92f3b3-b26d-437e-bb2f-0bc59d516930
OHR4,f87fbb74-526a-4bd4-8752-208dd9d22edb
OHR4,f87fbb74-526a-4bd4-8752-208dd9d22edb
OHR6,0ef37ed0-1931-4211-80c2-dbf1da80752a
OHR6,0ef37ed0-1931-4211-80c2-dbf1da80752a
OHR7,e87e511d-7322-4c98-9696-d87625272033
OHR7,e87e511d-7322-4c98-9696-d87625272033
DHR2,f4807e4a-e5fa-4332-9f5c-3be7961c1e05
DHR2,f4807e4a-e5fa-4332-9f5c-3be7961c1e05
DHR2,f4807e4a-e5fa-4332-9f5c-3be7961c1e05
DHR2,f4807e4a-e5fa-4332-9f5c-3be7961c1e05
DHR2,f4807e4a-e5fa-4332-9f5c-3be7961c1e05
OHR5,9d843565-9ed4-4ad5-9937-351ab940f21e
OHR5,9d843565-9ed4-4ad5-9937-351ab940f21e
JAG1,fb5f7b17-b363-4293-812a-790ce3d0c81b
JAG1,fb5f7b17-b363-4293-812a-790ce3d0c81b
JKB7,bda61e8b-593b-4d82-b06a-74631b2de0b8
JKB7,bda61e8b-593b-4d82-b06a-74631b2de0b8
JLB9,ec5c4c63-614a-478e-8860-21e95b79a195
JLB9,ec5c4c63-614a-478e-8860-21e95b79a195
JLC2,4b7b0cbc-a5be-44ff-8983-f1aad359a2b1
JLC2,4b7b0cbc-a5be-44ff-8983-f1aad359a2b1
JLC3,2547c690-4b46-4e07-8c6f-4a4d559f34c5
JLC3,2547c690-4b46-4e07-8c6f-4a4d559f34c5
JLC5,d876261a-84b4-41f1-aa4b-e55cd43de0d1
JLC5,d876261a-84b4-41f1-aa4b-e55cd43de0d1
JLE4,8251c561-b077-4a61-b1bc-b4372542f95c
JLE4,8251c561-b077-4a61-b1bc-b4372542f95c
JLE5,a54db9a3-9906-46d4-9ac2-b2a5cb22ddce
JLE5,a54db9a3-9906-46d4-9ac2-b2a5cb22ddce
JLE7,4103f386-ae0f-4dd8-ac7f-3cfc67c8a327
JLE7,4103f386-ae0f-4dd8-ac7f-3cfc67c8a327
JLF3,71b8b006-8e5d-4149-b745-451ef7e7c02b
JLF3,71b8b006-8e5d-4149-b745-451ef7e7c02b
JMA1,3a58ac61-870f-41e7-8f21-a30499f303e3
JMA1,3a58ac61-870f-41e7-8f21-a30499f303e3
JMA3,cda79656-1068-4cdc-85e2-4783a5497f3b
JMA3,cda79656-1068-4cdc-85e2-4783a5497f3b
MFK1,8e74ea47-3eea-4efb-a394-2cc33aa8cb74
MFK1,8e74ea47-3eea-4efb-a394-2cc33aa8cb74
MFK2,7ba1b7d4-0fc3-437f-b7e6-71e268691f65
MFK2,7ba1b7d4-0fc3-437f-b7e6-71e268691f65
MFK2,7ba1b7d4-0fc3-437f-b7e6-71e268691f65
MFK3,5027a3e7-64db-4936-b46e-9899f8a9092d
MFK3,5027a3e7-64db-4936-b46e-9899f8a9092d
DEJ7,2b96ce36-baba-4be3-9708-0103b5055907
DEJ7,2b96ce36-baba-4be3-9708-0103b5055907
DEJ7,2b96ce36-baba-4be3-9708-0103b5055907
DEJ7,2b96ce36-baba-4be3-9708-0103b5055907
DEJ7,2b96ce36-baba-4be3-9708-0103b5055907
DEJ7,2b96ce36-baba-4be3-9708-0103b5055907
DEJ7,2b96ce36-baba-4be3-9708-0103b5055907
DEJ7,2b96ce36-baba-4be3-9708-0103b5055907
DEJ7,2b96ce36-baba-4be3-9708-0103b5055907
OEJM,90ca5176-693a-4603-903d-4436f38cc663
OEJM,90ca5176-693a-4603-903d-4436f38cc663
OEJY,870fe0c6-5011-4f4b-ba28-cd71b44cca17
OEJY,870fe0c6-5011-4f4b-ba28-cd71b44cca17
OEJY,870fe0c6-5011-4f4b-ba28-cd71b44cca17
PTKW,a08d35cf-4369-4bd1-94e7-e953c06ea066
PTKW,a08d35cf-4369-4bd1-94e7-e953c06ea066
DHK1,f1e542dd-2abf-44c9-927e-56c9a17bd6f1
DHK1,f1e542dd-2abf-44c9-927e-56c9a17bd6f1
DHK1,f1e542dd-2abf-44c9-927e-56c9a17bd6f1
DHK1,f1e542dd-2abf-44c9-927e-56c9a17bd6f1
DHK1,f1e542dd-2abf-44c9-927e-56c9a17bd6f1
DHK1,f1e542dd-2abf-44c9-927e-56c9a17bd6f1
OHK1,3baba50d-9d9c-44a0-8adb-4667c6f2439b
OHK1,3baba50d-9d9c-44a0-8adb-4667c6f2439b
OHK2,79aa660b-2101-47e4-89cb-a636dcaf81ff
OHK2,79aa660b-2101-47e4-89cb-a636dcaf81ff
DMG1,d23763e2-be09-41ba-82a0-dca9ae9a640e
DMG1,d23763e2-be09-41ba-82a0-dca9ae9a640e
DMG1,d23763e2-be09-41ba-82a0-dca9ae9a640e
OMG2,d7db73da-54dd-4645-aed5-b3f505db9225
OMG2,d7db73da-54dd-4645-aed5-b3f505db9225
OMG6,c93b643e-3b0f-4b15-8c31-a0a08d841f11
OMG6,c93b643e-3b0f-4b15-8c31-a0a08d841f11
DMG3,4739f582-00c4-4a88-8da5-6410e95f137e
DMG3,4739f582-00c4-4a88-8da5-6410e95f137e
DMG3,4739f582-00c4-4a88-8da5-6410e95f137e
DMG3,4739f582-00c4-4a88-8da5-6410e95f137e
OMG3,cc0e564e-0a40-4c1d-bc72-8c6dc9ac3f25
OMG3,cc0e564e-0a40-4c1d-bc72-8c6dc9ac3f25
OMG4,24c3b04e-29e7-4a72-ad86-e92574bb6766
OMG4,24c3b04e-29e7-4a72-ad86-e92574bb6766
JKA1,823b0343-2ec3-4c17-9281-8d629971eb62
JKA1,823b0343-2ec3-4c17-9281-8d629971eb62
JKA2,a40af997-1d2b-4252-af40-0b944246497d
JKA2,a40af997-1d2b-4252-af40-0b944246497d
JKA3,470fece0-1837-411c-b506-d6f317ac1d8d
JKA3,470fece0-1837-411c-b506-d6f317ac1d8d
JLC9,ff638af1-2524-4b1e-9bff-9285baf9bd57
JLC9,ff638af1-2524-4b1e-9bff-9285baf9bd57
JLD1,80e79bfd-75f3-4ac1-8885-908499427d28
JLD1,80e79bfd-75f3-4ac1-8885-908499427d28
JLF1,391817c2-af3a-4881-85ae-6d17290de137
JLF1,391817c2-af3a-4881-85ae-6d17290de137
JLF6,93a608be-fe75-48b2-8cdf-a87e0aa20066
JLF6,93a608be-fe75-48b2-8cdf-a87e0aa20066
MMG1,522f5c9e-03c8-432c-8bd3-248ee905035e
MMG1,522f5c9e-03c8-432c-8bd3-248ee905035e
MMG2,11e21a84-b910-4b58-a56a-196cb942b4fa
MMG2,11e21a84-b910-4b58-a56a-196cb942b4fa
MMG3,27768c1f-7451-4c57-a5bb-bf5634f8e90c
MMG3,27768c1f-7451-4c57-a5bb-bf5634f8e90c
MMG4,a7f4f04a-adfa-4afd-8b9f-7858067978e0
MMG4,a7f4f04a-adfa-4afd-8b9f-7858067978e0
DCJ5,db031f70-ea25-4fce-bda0-a619601fa7f5
DCJ5,db031f70-ea25-4fce-bda0-a619601fa7f5
DCJ5,db031f70-ea25-4fce-bda0-a619601fa7f5
DCJ5,db031f70-ea25-4fce-bda0-a619601fa7f5
OCJ8,4ff15d30-941e-4046-8db0-99cd5fe84f1d
OCJ8,4ff15d30-941e-4046-8db0-99cd5fe84f1d
PCJ3,7c179644-2819-4b6f-8460-8e052f3818cb
PCJ3,7c179644-2819-4b6f-8460-8e052f3818cb
DEJ1,12dff135-eddb-4dea-af32-c2c336f0dd1f
DEJ1,12dff135-eddb-4dea-af32-c2c336f0dd1f
DEJ1,12dff135-eddb-4dea-af32-c2c336f0dd1f
DEJ1,12dff135-eddb-4dea-af32-c2c336f0dd1f
DEJ1,12dff135-eddb-4dea-af32-c2c336f0dd1f
DEJ1,12dff135-eddb-4dea-af32-c2c336f0dd1f
DEJ1,12dff135-eddb-4dea-af32-c2c336f0dd1f
DEJ1,12dff135-eddb-4dea-af32-c2c336f0dd1f
DEJ1,12dff135-eddb-4dea-af32-c2c336f0dd1f
DEJ1,12dff135-eddb-4dea-af32-c2c336f0dd1f
OTKN,efbcb1d1-04c8-4ebf-ac90-da0c0c4aa92a
OTKN,efbcb1d1-04c8-4ebf-ac90-da0c0c4aa92a
OTKN,efbcb1d1-04c8-4ebf-ac90-da0c0c4aa92a
OTKN,efbcb1d1-04c8-4ebf-ac90-da0c0c4aa92a
OTKN,efbcb1d1-04c8-4ebf-ac90-da0c0c4aa92a
OTKN,efbcb1d1-04c8-4ebf-ac90-da0c0c4aa92a
PTKL,1f34e182-43ae-420b-9b98-bebdfd7904bb
PTKL,1f34e182-43ae-420b-9b98-bebdfd7904bb
DEJ2,098c0bcc-fc72-4759-afff-ce288fc5bd75
DEJ2,098c0bcc-fc72-4759-afff-ce288fc5bd75
DEJ2,098c0bcc-fc72-4759-afff-ce288fc5bd75
DEJ2,098c0bcc-fc72-4759-afff-ce288fc5bd75
DEJ2,098c0bcc-fc72-4759-afff-ce288fc5bd75
OEJ4,41ac8f29-38de-41aa-96d7-e4dd81e7ee18
OEJ4,41ac8f29-38de-41aa-96d7-e4dd81e7ee18
OEJ9,f731fad6-9a80-4505-90aa-ff64f465201f
OEJ9,f731fad6-9a80-4505-90aa-ff64f465201f
OEJ9,f731fad6-9a80-4505-90aa-ff64f465201f
OEJS,e08194d9-3b20-4e8d-9ac4-fb2ee67774f8
OEJS,e08194d9-3b20-4e8d-9ac4-fb2ee67774f8
DEJ4,c602037f-bc42-4022-a6c4-3a9726d28b8c
DEJ4,c602037f-bc42-4022-a6c4-3a9726d28b8c
DEJ4,c602037f-bc42-4022-a6c4-3a9726d28b8c
DEJ4,c602037f-bc42-4022-a6c4-3a9726d28b8c
DEJ4,c602037f-bc42-4022-a6c4-3a9726d28b8c
DEJ4,c602037f-bc42-4022-a6c4-3a9726d28b8c
PEJ8,35dd3fdb-e7c5-4fae-918d-1fcbd3ac43de
PEJ8,35dd3fdb-e7c5-4fae-918d-1fcbd3ac43de
PEJ8,35dd3fdb-e7c5-4fae-918d-1fcbd3ac43de
PTK7,2593cc94-3b8f-494c-acb2-ae101a5367c4
PTK7,2593cc94-3b8f-494c-acb2-ae101a5367c4
PTK7,2593cc94-3b8f-494c-acb2-ae101a5367c4
PTK7,2593cc94-3b8f-494c-acb2-ae101a5367c4
JAE8,ba94e152-90de-49fd-8623-5e97b202200c
JAE8,ba94e152-90de-49fd-8623-5e97b202200c
JLB1,c76a63a2-418c-4d5b-963d-e229226edc9d
JLB1,c76a63a2-418c-4d5b-963d-e229226edc9d
JLB8,49c51e9e-60ef-437f-9f2d-8b02a860bc72
JLB8,49c51e9e-60ef-437f-9f2d-8b02a860bc72
JLE3,40ed7c89-dfa4-4beb-832c-13bca8f04e9c
JLE3,40ed7c89-dfa4-4beb-832c-13bca8f04e9c
JLE6,9ff2f4d5-512f-4645-8428-dc7ecdf0e4b1
JLE6,9ff2f4d5-512f-4645-8428-dc7ecdf0e4b1
MCJ3,9fd10d82-7cbd-44cd-b303-1834a41a3c09
MCJ3,9fd10d82-7cbd-44cd-b303-1834a41a3c09
MCJ4,901399df-d23b-4ad8-a5fd-e65fdccd4225
MCJ4,901399df-d23b-4ad8-a5fd-e65fdccd4225
VKI1,0d793b93-52d8-4f61-8369-256e68b5d5f0
DEJ3,87d1b9f0-9baf-468e-8c29-5082739a84b4
DEJ3,87d1b9f0-9baf-468e-8c29-5082739a84b4
DEJ3,87d1b9f0-9baf-468e-8c29-5082739a84b4
DEJ3,87d1b9f0-9baf-468e-8c29-5082739a84b4
DEJ3,87d1b9f0-9baf-468e-8c29-5082739a84b4
DEJ3,87d1b9f0-9baf-468e-8c29-5082739a84b4
OEJE,1068b140-7b4c-43e3-b2c8-a5e5e22c7697
OEJE,1068b140-7b4c-43e3-b2c8-a5e5e22c7697
OEJE,1068b140-7b4c-43e3-b2c8-a5e5e22c7697
OEJE,1068b140-7b4c-43e3-b2c8-a5e5e22c7697
DKJ3,4026ab3e-84be-426c-a4fb-e009fa0cb698
DKJ3,4026ab3e-84be-426c-a4fb-e009fa0cb698
DKJ3,4026ab3e-84be-426c-a4fb-e009fa0cb698
DKJ3,4026ab3e-84be-426c-a4fb-e009fa0cb698
DKJ4,6b95cc4c-9689-4369-b821-ed1cbd66adf2
DKJ4,6b95cc4c-9689-4369-b821-ed1cbd66adf2
DKJ4,6b95cc4c-9689-4369-b821-ed1cbd66adf2
DKJ4,6b95cc4c-9689-4369-b821-ed1cbd66adf2
DKJ4,6b95cc4c-9689-4369-b821-ed1cbd66adf2
PEJ7,c667b799-492d-4600-8a15-45495d62d097
PEJ7,c667b799-492d-4600-8a15-45495d62d097
PEJA,2fcbfe03-ffa5-4ef0-bbd7-19241c14776a
PEJA,2fcbfe03-ffa5-4ef0-bbd7-19241c14776a
JBF4,9e8327d8-e7dd-4f7b-a417-dcdadd47f70a
JBF4,9e8327d8-e7dd-4f7b-a417-dcdadd47f70a
JKB1,8f5394a9-c33f-48bb-9681-1a18002e586a
JKB1,8f5394a9-c33f-48bb-9681-1a18002e586a
JKB2,ef9ae5d1-6664-4a83-a9af-d18ce36703f5
JKB2,ef9ae5d1-6664-4a83-a9af-d18ce36703f5
JLC8,4f29aee9-0620-4c6c-8ec6-c881bf9e2c98
JLC8,4f29aee9-0620-4c6c-8ec6-c881bf9e2c98
JLD6,0c757662-ae86-46a9-a516-fda1da7ac738
JLD6,0c757662-ae86-46a9-a516-fda1da7ac738
JLD7,81f67534-5398-4bb9-be61-eb89459bb69b
JLD7,81f67534-5398-4bb9-be61-eb89459bb69b
MCB1,ec5b8c5a-90df-444f-b977-b828f9d8351b
MCB1,ec5b8c5a-90df-444f-b977-b828f9d8351b
MCJ5,3fb526e4-f09e-4934-aad3-74b9fe161c80
MCJ5,3fb526e4-f09e-4934-aad3-74b9fe161c80
MCJ5,3fb526e4-f09e-4934-aad3-74b9fe161c80
MCJ9,5f9f0ce8-b940-479d-bf84-30c0fc928038
MCJ9,5f9f0ce8-b940-479d-bf84-30c0fc928038
UJF1,e1d308d9-aa31-4c3c-a98e-4162a1b7ee71
UJF2,add7eff5-04a2-4eb9-a88b-601154750228
